{
  "job_id": "zpe_job_ccde70ca",
  "status": "stopped",
  "current_epoch": 3,
  "zpe_history": [
    {
      "epoch": 1,
      "zpe_effects": [
        0.1998872011899948,
        0.16046683490276337,
        0.0954350009560585,
        0.12660396099090576,
        0.06499388068914413,
        0.19999998807907104
      ]
    },
    {
      "epoch": 2,
      "zpe_effects": [
        0.1998872011899948,
        0.13220490515232086,
        0.06870279461145401,
        0.09389199316501617,
        0.04433368518948555,
        0.19999998807907104
      ]
    }
  ],
  "total_epochs": 30,
  "accuracy": 98.87,
  "loss": 0.6574638485908508,
  "zpe_effects": [
    0.19999998807907104,
    0.11083606630563736,
    0.05296586826443672,
    0.07003802061080933,
    0.006338351871818304,
    0.19999998807907104
  ],
  "log_messages": [
    "Init job: ZPE-QuantumWeaver-V1_retrain_0059",
    "Starting PyTorch training: ZPE-QuantumWeaver-V1_retrain_0059",
    "Device: cuda",
    "Setting up MNIST dataset...",
    "DataLoaders created. Train: 1875, Val: 313 batches.",
    "Model & Optimizer initialized.",
    "No previous weights found for baseConfigId zpe_job_552e8190, starting fresh.",
    "--- Epoch 1/30 ---",
    "E1 B375/1875 L: 1.3379",
    "E1 B750/1875 L: 0.7922",
    "E1 B1125/1875 L: 1.1078",
    "E1 B1500/1875 L: 0.6096",
    "E1 END - TrainL: 1.2137, ValAcc: 97.73%, ValL: 0.6026",
    "ZPE: ['0.1999', '0.1605', '0.0954', '0.1266', '0.0650', '0.2000']",
    "--- Epoch 2/30 ---",
    "E2 B375/1875 L: 1.2581",
    "E2 B750/1875 L: 0.9522",
    "E2 B1125/1875 L: 0.7121",
    "E2 B1500/1875 L: 1.4996",
    "E2 END - TrainL: 1.0640, ValAcc: 98.87%, ValL: 0.5620",
    "ZPE: ['0.1999', '0.1322', '0.0687', '0.0939', '0.0443', '0.2000']",
    "--- Epoch 3/30 ---",
    "E3 B375/1875 L: 0.7958",
    "E3 B750/1875 L: 0.6575",
    "Stop request received."
  ],
  "parameters": {
    "totalEpochs": 30,
    "batchSize": 32,
    "learningRate": 0.001,
    "weightDecay": 0.0001,
    "momentumParams": [
      0.9,
      0.9,
      0.9,
      0.9,
      0.9,
      0.9
    ],
    "strengthParams": [
      0.1,
      0.1,
      0.1,
      0.1,
      0.1,
      0.1
    ],
    "noiseParams": [
      0.01,
      0.01,
      0.01,
      0.01,
      0.01,
      0.01
    ],
    "couplingParams": [
      0.1,
      0.1,
      0.1,
      0.1,
      0.1,
      0.1
    ],
    "quantumCircuitSize": 32,
    "labelSmoothing": 0.1,
    "quantumMode": true,
    "modelName": "ZPE-QuantumWeaver-V1_retrain_0059",
    "baseConfigId": "zpe_job_552e8190"
  },
  "start_time": "2025-06-09T15:57:55.478800",
  "end_time": null,
  "gpu_info": {
    "id": "0",
    "name": "NVIDIA GeForce RTX 3050 6GB Laptop GPU",
    "utilization_gpu_percent": 94.0,
    "utilization_memory_io_percent": 83.0,
    "memory_total_mb": 6144.0,
    "memory_used_mb": 772.875,
    "memory_free_mb": 5371.125,
    "memory_used_percent": 12.579345703125,
    "temperature_c": 72.0,
    "power_draw_w": 34.887,
    "fan_speed_percent": null
  }
}