{
  "job_id": "zpe_job_fbccc75a",
  "status": "completed",
  "current_epoch": 30,
  "total_epochs": 30,
  "accuracy": 99.58,
  "loss": 0.5147820339797023,
  "zpe_effects": [
    0.1998872011899948,
    0.015488207340240479,
    0.009214210323989391,
    0.007998394779860973,
    0.013557279482483864,
    0.19999998807907104
  ],
  "log_messages": [
    "Init job: ZPE-QuantumWeaver-V1",
    "Starting PyTorch training: ZPE-QuantumWeaver-V1",
    "Device: cuda",
    "Setting up MNIST dataset...",
    "DataLoaders created. Train: 1875, Val: 313 batches.",
    "Model & Optimizer initialized.",
    "--- Epoch 1/30 ---",
    "E1 B375/1875 L: 1.1728",
    "E1 B750/1875 L: 1.2167",
    "E1 B1125/1875 L: 0.6769",
    "E1 B1500/1875 L: 1.3476",
    "E1 END - TrainL: 1.1922, ValAcc: 98.86%, ValL: 0.5584",
    "ZPE: [0.1999, 0.1688, 0.0909, 0.1402, 0.071, 0.2]",
    "--- Epoch 2/30 ---",
    "E2 B375/1875 L: 1.2018",
    "E2 B750/1875 L: 1.3712",
    "E2 B1125/1875 L: 0.6587",
    "E2 B1500/1875 L: 0.6882",
    "E2 END - TrainL: 1.0717, ValAcc: 97.82%, ValL: 0.5952",
    "ZPE: [0.1999, 0.135, 0.0763, 0.0724, 0.0611, 0.191]",
    "--- Epoch 3/30 ---",
    "E3 B375/1875 L: 1.5659",
    "E3 B750/1875 L: 1.0402",
    "E3 B1125/1875 L: 1.0424",
    "E3 B1500/1875 L: 0.6836",
    "E3 END - TrainL: 1.0397, ValAcc: 99.14%, ValL: 0.5487",
    "ZPE: [0.1999, 0.1056, 0.0505, 0.0707, 0.0309, 0.2]",
    "--- Epoch 4/30 ---",
    "E4 B375/1875 L: 1.3527",
    "E4 B750/1875 L: 0.6532",
    "E4 B1125/1875 L: 0.7863",
    "E4 B1500/1875 L: 1.1106",
    "E4 END - TrainL: 1.0135, ValAcc: 99.04%, ValL: 0.5510",
    "ZPE: [0.1999, 0.0835, 0.0348, 0.0429, 0.0372, 0.2]",
    "--- Epoch 5/30 ---",
    "E5 B375/1875 L: 0.6090",
    "E5 B750/1875 L: 0.5916",
    "E5 B1125/1875 L: 1.2308",
    "E5 B1500/1875 L: 1.5634",
    "E5 END - TrainL: 1.0036, ValAcc: 99.15%, ValL: 0.5435",
    "ZPE: [0.1999, 0.0679, 0.0301, 0.0469, 0.0258, 0.2]",
    "--- Epoch 6/30 ---",
    "E6 B375/1875 L: 1.3807",
    "E6 B750/1875 L: 1.4985",
    "E6 B1125/1875 L: 0.8246",
    "E6 B1500/1875 L: 0.5410",
    "E6 END - TrainL: 0.9811, ValAcc: 97.83%, ValL: 0.6390",
    "ZPE: [0.1999, 0.0546, 0.0274, 0.0246, 0.0219, 0.1887]",
    "--- Epoch 7/30 ---",
    "E7 B375/1875 L: 0.5775",
    "E7 B750/1875 L: 1.7247",
    "E7 B1125/1875 L: 1.5354",
    "E7 B1500/1875 L: 0.5288",
    "E7 END - TrainL: 0.9795, ValAcc: 99.47%, ValL: 0.5453",
    "ZPE: [0.1999, 0.0411, 0.0199, 0.0262, 0.0193, 0.2]",
    "--- Epoch 8/30 ---",
    "E8 B375/1875 L: 1.1145",
    "E8 B750/1875 L: 1.4959",
    "E8 B1125/1875 L: 0.9421",
    "E8 B1500/1875 L: 1.3538",
    "E8 END - TrainL: 0.9477, ValAcc: 99.21%, ValL: 0.5368",
    "ZPE: [0.1999, 0.0321, 0.0179, 0.0174, 0.0193, 0.2]",
    "--- Epoch 9/30 ---",
    "E9 B375/1875 L: 0.6787",
    "E9 B750/1875 L: 0.6284",
    "E9 B1125/1875 L: 0.7722",
    "E9 B1500/1875 L: 1.0470",
    "E9 END - TrainL: 0.9541, ValAcc: 99.24%, ValL: 0.5462",
    "ZPE: [0.1999, 0.0292, 0.0136, 0.0199, 0.0196, 0.2]",
    "--- Epoch 10/30 ---",
    "E10 B375/1875 L: 1.2822",
    "E10 B750/1875 L: 1.6073",
    "E10 B1125/1875 L: 0.6822",
    "E10 B1500/1875 L: 1.1850",
    "E10 END - TrainL: 0.9464, ValAcc: 99.16%, ValL: 0.5513",
    "ZPE: [0.1999, 0.0279, 0.0143, 0.0194, 0.0189, 0.1949]",
    "--- Epoch 11/30 ---",
    "E11 B375/1875 L: 0.8733",
    "E11 B750/1875 L: 0.6661",
    "E11 B1125/1875 L: 0.8096",
    "E11 B1500/1875 L: 1.4487",
    "E11 END - TrainL: 0.9231, ValAcc: 99.12%, ValL: 0.5546",
    "ZPE: [0.1999, 0.0259, 0.0142, 0.0173, 0.0177, 0.2]",
    "--- Epoch 12/30 ---",
    "E12 B375/1875 L: 1.3683",
    "E12 B750/1875 L: 0.9615",
    "E12 B1125/1875 L: 1.3070",
    "E12 B1500/1875 L: 1.2418",
    "E12 END - TrainL: 0.9141, ValAcc: 99.27%, ValL: 0.5426",
    "ZPE: [0.1999, 0.0231, 0.011, 0.0196, 0.0179, 0.2]",
    "--- Epoch 13/30 ---",
    "E13 B375/1875 L: 1.1992",
    "E13 B750/1875 L: 0.7252",
    "E13 B1125/1875 L: 0.5609",
    "E13 B1500/1875 L: 0.7267",
    "E13 END - TrainL: 0.9070, ValAcc: 99.39%, ValL: 0.5312",
    "ZPE: [0.1999, 0.0236, 0.0158, 0.0163, 0.0195, 0.2]",
    "--- Epoch 14/30 ---",
    "E14 B375/1875 L: 0.6943",
    "E14 B750/1875 L: 0.9035",
    "E14 B1125/1875 L: 0.9079",
    "E14 B1500/1875 L: 0.5601",
    "E14 END - TrainL: 0.8971, ValAcc: 99.32%, ValL: 0.5272",
    "ZPE: [0.1999, 0.018, 0.0119, 0.0141, 0.0159, 0.2]",
    "--- Epoch 15/30 ---",
    "E15 B375/1875 L: 0.7195",
    "E15 B750/1875 L: 0.9489",
    "E15 B1125/1875 L: 1.0196",
    "E15 B1500/1875 L: 0.8244",
    "E15 END - TrainL: 0.8956, ValAcc: 99.35%, ValL: 0.5333",
    "ZPE: [0.1999, 0.0181, 0.0142, 0.0132, 0.0186, 0.2]",
    "--- Epoch 16/30 ---",
    "E16 B375/1875 L: 1.1047",
    "E16 B750/1875 L: 0.6354",
    "E16 B1125/1875 L: 0.6869",
    "E16 B1500/1875 L: 1.3951",
    "E16 END - TrainL: 0.8790, ValAcc: 99.42%, ValL: 0.5315",
    "ZPE: [0.1999, 0.0183, 0.0121, 0.0129, 0.0165, 0.2]",
    "--- Epoch 17/30 ---",
    "E17 B375/1875 L: 0.6921",
    "E17 B750/1875 L: 0.7771",
    "E17 B1125/1875 L: 1.4712",
    "E17 B1500/1875 L: 0.5235",
    "E17 END - TrainL: 0.8847, ValAcc: 99.52%, ValL: 0.5204",
    "ZPE: [0.1999, 0.0145, 0.0117, 0.011, 0.0137, 0.2]",
    "--- Epoch 18/30 ---",
    "E18 B375/1875 L: 0.6381",
    "E18 B750/1875 L: 0.6493",
    "E18 B1125/1875 L: 0.5714",
    "E18 B1500/1875 L: 0.7373",
    "E18 END - TrainL: 0.8743, ValAcc: 99.44%, ValL: 0.5319",
    "ZPE: [0.1999, 0.0163, 0.0093, 0.0107, 0.0129, 0.2]",
    "--- Epoch 19/30 ---",
    "E19 B375/1875 L: 0.6507",
    "E19 B750/1875 L: 0.5976",
    "E19 B1125/1875 L: 0.8395",
    "E19 B1500/1875 L: 1.1220",
    "E19 END - TrainL: 0.8666, ValAcc: 99.49%, ValL: 0.5212",
    "ZPE: [0.1999, 0.0167, 0.0098, 0.0104, 0.0145, 0.2]",
    "--- Epoch 20/30 ---",
    "E20 B375/1875 L: 1.2106",
    "E20 B750/1875 L: 0.5570",
    "E20 B1125/1875 L: 0.8162",
    "E20 B1500/1875 L: 0.5748",
    "E20 END - TrainL: 0.8740, ValAcc: 99.46%, ValL: 0.5180",
    "ZPE: [0.1999, 0.0169, 0.0105, 0.0092, 0.0146, 0.2]",
    "--- Epoch 21/30 ---",
    "E21 B375/1875 L: 1.2774",
    "E21 B750/1875 L: 0.7608",
    "E21 B1125/1875 L: 0.6255",
    "E21 B1500/1875 L: 0.8389",
    "E21 END - TrainL: 0.8501, ValAcc: 99.55%, ValL: 0.5205",
    "ZPE: [0.1999, 0.0146, 0.0106, 0.0089, 0.0139, 0.2]",
    "--- Epoch 22/30 ---",
    "E22 B375/1875 L: 0.8054",
    "E22 B750/1875 L: 1.2682",
    "E22 B1125/1875 L: 0.7345",
    "E22 B1500/1875 L: 0.9550",
    "E22 END - TrainL: 0.8391, ValAcc: 99.50%, ValL: 0.5170",
    "ZPE: [0.1999, 0.0161, 0.0111, 0.0096, 0.0141, 0.2]",
    "--- Epoch 23/30 ---",
    "E23 B375/1875 L: 1.0362",
    "E23 B750/1875 L: 0.9332",
    "E23 B1125/1875 L: 0.6299",
    "E23 B1500/1875 L: 0.5888",
    "E23 END - TrainL: 0.8408, ValAcc: 99.56%, ValL: 0.5169",
    "ZPE: [0.1999, 0.0162, 0.0101, 0.0088, 0.0141, 0.2]",
    "--- Epoch 24/30 ---",
    "E24 B375/1875 L: 0.5232",
    "E24 B750/1875 L: 0.7802",
    "E24 B1125/1875 L: 0.8788",
    "E24 B1500/1875 L: 1.0027",
    "E24 END - TrainL: 0.8401, ValAcc: 99.55%, ValL: 0.5175",
    "ZPE: [0.1999, 0.0177, 0.0098, 0.0098, 0.0152, 0.2]",
    "--- Epoch 25/30 ---",
    "E25 B375/1875 L: 1.2368",
    "E25 B750/1875 L: 0.9625",
    "E25 B1125/1875 L: 0.6001",
    "E25 B1500/1875 L: 1.2303",
    "E25 END - TrainL: 0.8346, ValAcc: 99.56%, ValL: 0.5154",
    "ZPE: [0.1999, 0.0155, 0.0097, 0.0088, 0.0145, 0.2]",
    "--- Epoch 26/30 ---",
    "E26 B375/1875 L: 0.8375",
    "E26 B750/1875 L: 0.9981",
    "E26 B1125/1875 L: 1.0925",
    "E26 B1500/1875 L: 1.1630",
    "E26 END - TrainL: 0.8352, ValAcc: 99.61%, ValL: 0.5170",
    "ZPE: [0.1999, 0.0149, 0.0089, 0.0077, 0.0138, 0.2]",
    "--- Epoch 27/30 ---",
    "E27 B375/1875 L: 0.5537",
    "E27 B750/1875 L: 0.5749",
    "E27 B1125/1875 L: 0.5357",
    "E27 B1500/1875 L: 1.1389",
    "E27 END - TrainL: 0.8244, ValAcc: 99.59%, ValL: 0.5155",
    "ZPE: [0.1999, 0.0162, 0.0094, 0.0083, 0.0136, 0.2]",
    "--- Epoch 28/30 ---",
    "E28 B375/1875 L: 0.5165",
