{
  "job_id": "zpe_job_6430c7d0",
  "status": "completed",
  "current_epoch": 40,
  "total_epochs": 40,
  "accuracy": 99.6,
  "loss": 0.21530016772449018,
  "zpe_effects": [
    0.1998872011899948,
    0.0828934833407402,
    0.046396005898714066,
    0.03214920684695244,
    0.028038596734404564,
    0.19999998807907104
  ],
  "log_messages": [
    "Init job: ZPEDeepNet-MNIST",
    "Starting PyTorch training: ZPEDeepNet-MNIST",
    "Device: cuda",
    "Setting up MNIST dataset...",
    "DataLoaders created. Train: 235, Val: 40 batches.",
    "Model & Optimizer initialized.",
    "--- Epoch 1/40 ---",
    "E1 B47/235 L: 0.9510",
    "E1 B94/235 L: 0.9123",
    "E1 B141/235 L: 0.4403",
    "E1 B188/235 L: 0.6364",
    "E1 END - TrainL: 1.1134, ValAcc: 98.42%, ValL: 0.2592",
    "ZPE: [0.1999, 0.1808, 0.1776, 0.1977, 0.1158, 0.1755]",
    "--- Epoch 2/40 ---",
    "E2 B47/235 L: 1.5365",
    "E2 B94/235 L: 0.5941",
    "E2 B141/235 L: 0.3958",
    "E2 B188/235 L: 0.3361",
    "E2 END - TrainL: 0.8662, ValAcc: 99.07%, ValL: 0.2355",
    "ZPE: [0.1999, 0.1778, 0.1546, 0.1796, 0.0551, 0.1807]",
    "--- Epoch 3/40 ---",
    "E3 B47/235 L: 0.3151",
    "E3 B94/235 L: 1.3452",
    "E3 B141/235 L: 0.3150",
    "E3 B188/235 L: 1.2874",
    "E3 END - TrainL: 0.8208, ValAcc: 97.18%, ValL: 0.3749",
    "ZPE: [0.1999, 0.1672, 0.1452, 0.1399, 0.052, 0.1892]",
    "--- Epoch 4/40 ---",
    "E4 B47/235 L: 0.6544",
    "E4 B94/235 L: 0.3053",
    "E4 B141/235 L: 0.7016",
    "E4 B188/235 L: 0.2990",
    "E4 END - TrainL: 0.7545, ValAcc: 98.90%, ValL: 0.2337",
    "ZPE: [0.1999, 0.1512, 0.1214, 0.1263, 0.0748, 0.1995]",
    "--- Epoch 5/40 ---",
    "E5 B47/235 L: 1.1226",
    "E5 B94/235 L: 0.3192",
    "E5 B141/235 L: 0.2952",
    "E5 B188/235 L: 0.3081",
    "E5 END - TrainL: 0.7719, ValAcc: 99.19%, ValL: 0.2799",
    "ZPE: [0.1999, 0.1537, 0.1162, 0.0935, 0.0781, 0.196]",
    "--- Epoch 6/40 ---",
    "E6 B47/235 L: 1.2442",
    "E6 B94/235 L: 0.3604",
    "E6 B141/235 L: 0.5158",
    "E6 B188/235 L: 0.8484",
    "E6 END - TrainL: 0.7572, ValAcc: 99.13%, ValL: 0.2703",
    "ZPE: [0.1999, 0.1514, 0.1061, 0.095, 0.0637, 0.1837]",
    "--- Epoch 7/40 ---",
    "E7 B47/235 L: 0.2862",
    "E7 B94/235 L: 0.2842",
    "E7 B141/235 L: 0.2609",
    "E7 B188/235 L: 1.0988",
    "E7 END - TrainL: 0.7652, ValAcc: 97.34%, ValL: 0.3501",
    "ZPE: [0.1999, 0.1427, 0.1052, 0.0751, 0.0563, 0.1867]",
    "--- Epoch 8/40 ---",
    "E8 B47/235 L: 0.5140",
    "E8 B94/235 L: 1.0878",
    "E8 B141/235 L: 0.9273",
    "E8 B188/235 L: 0.2434",
    "E8 END - TrainL: 0.7253, ValAcc: 99.25%, ValL: 0.2378",
    "ZPE: [0.1999, 0.1316, 0.0813, 0.0958, 0.0386, 0.1885]",
    "--- Epoch 9/40 ---",
    "E9 B47/235 L: 0.3358",
    "E9 B94/235 L: 1.1197",
    "E9 B141/235 L: 0.2347",
    "E9 B188/235 L: 1.0740",
    "E9 END - TrainL: 0.7396, ValAcc: 99.30%, ValL: 0.2432",
    "ZPE: [0.1999, 0.135, 0.0917, 0.0877, 0.0398, 0.2]",
    "--- Epoch 10/40 ---",
    "E10 B47/235 L: 1.2226",
    "E10 B94/235 L: 0.8087",
    "E10 B141/235 L: 0.2756",
    "E10 B188/235 L: 0.2627",
    "E10 END - TrainL: 0.6796, ValAcc: 99.06%, ValL: 0.2609",
    "ZPE: [0.1999, 0.1247, 0.0839, 0.0653, 0.0272, 0.1824]",
    "--- Epoch 11/40 ---",
    "E11 B47/235 L: 0.5374",
    "E11 B94/235 L: 0.2414",
    "E11 B141/235 L: 0.2757",
    "E11 B188/235 L: 0.5069",
    "E11 END - TrainL: 0.6392, ValAcc: 99.44%, ValL: 0.2317",
    "ZPE: [0.1999, 0.1174, 0.0716, 0.0715, 0.0395, 0.1878]",
    "--- Epoch 12/40 ---",
    "E12 B47/235 L: 1.2125",
    "E12 B94/235 L: 0.7427",
    "E12 B141/235 L: 0.4588",
    "E12 B188/235 L: 0.3418",
    "E12 END - TrainL: 0.6927, ValAcc: 99.20%, ValL: 0.2425",
    "ZPE: [0.1999, 0.1156, 0.0713, 0.053, 0.0251, 0.1904]",
    "--- Epoch 13/40 ---",
    "E13 B47/235 L: 0.2369",
    "E13 B94/235 L: 0.7143",
    "E13 B141/235 L: 0.4762",
    "E13 B188/235 L: 0.2857",
    "E13 END - TrainL: 0.6474, ValAcc: 99.18%, ValL: 0.2332",
    "ZPE: [0.1999, 0.1118, 0.0703, 0.069, 0.0346, 0.2]",
    "--- Epoch 14/40 ---",
    "E14 B47/235 L: 1.0348",
    "E14 B94/235 L: 1.0285",
    "E14 B141/235 L: 1.1294",
    "E14 B188/235 L: 0.9891",
    "E14 END - TrainL: 0.6294, ValAcc: 99.14%, ValL: 0.2345",
    "ZPE: [0.1999, 0.1058, 0.0648, 0.0565, 0.0544, 0.197]",
    "--- Epoch 15/40 ---",
    "E15 B47/235 L: 1.1448",
    "E15 B94/235 L: 1.0999",
    "E15 B141/235 L: 0.6868",
    "E15 B188/235 L: 0.2706",
    "E15 END - TrainL: 0.6578, ValAcc: 99.34%, ValL: 0.2291",
    "ZPE: [0.1999, 0.101, 0.0643, 0.0561, 0.0308, 0.2]",
    "--- Epoch 16/40 ---",
    "E16 B47/235 L: 0.2158",
    "E16 B94/235 L: 0.3780",
    "E16 B141/235 L: 0.2598",
    "E16 B188/235 L: 0.9725",
    "E16 END - TrainL: 0.6341, ValAcc: 99.27%, ValL: 0.2489",
    "ZPE: [0.1999, 0.1037, 0.0626, 0.0468, 0.0349, 0.1978]",
    "--- Epoch 17/40 ---",
    "E17 B47/235 L: 1.1314",
    "E17 B94/235 L: 0.5504",
    "E17 B141/235 L: 0.3742",
    "E17 B188/235 L: 0.7235",
    "E17 END - TrainL: 0.6327, ValAcc: 99.48%, ValL: 0.2252",
    "ZPE: [0.1999, 0.0993, 0.0559, 0.0551, 0.04, 0.2]",
    "--- Epoch 18/40 ---",
    "E18 B47/235 L: 0.2536",
    "E18 B94/235 L: 0.3923",
    "E18 B141/235 L: 0.9132",
    "E18 B188/235 L: 0.6520",
    "E18 END - TrainL: 0.6229, ValAcc: 99.57%, ValL: 0.2191",
    "ZPE: [0.1999, 0.0925, 0.0534, 0.0436, 0.0315, 0.2]",
    "--- Epoch 19/40 ---",
    "E19 B47/235 L: 0.4272",
    "E19 B94/235 L: 0.6226",
    "E19 B141/235 L: 0.3988",
    "E19 B188/235 L: 0.3900",
    "E19 END - TrainL: 0.6166, ValAcc: 99.46%, ValL: 0.2324",
    "ZPE: [0.1999, 0.094, 0.0533, 0.0418, 0.0247, 0.2]",
    "--- Epoch 20/40 ---",
    "E20 B47/235 L: 0.9863",
    "E20 B94/235 L: 0.8234",
    "E20 B141/235 L: 1.0627",
    "E20 B188/235 L: 0.8552",
    "E20 END - TrainL: 0.6351, ValAcc: 99.45%, ValL: 0.2285",
    "ZPE: [0.1999, 0.0922, 0.0563, 0.0451, 0.0203, 0.2]",
    "--- Epoch 21/40 ---",
    "E21 B47/235 L: 0.8707",
    "E21 B94/235 L: 0.3309",
    "E21 B141/235 L: 0.7293",
    "E21 B188/235 L: 1.0068",
    "E21 END - TrainL: 0.6036, ValAcc: 99.54%, ValL: 0.2299",
    "ZPE: [0.1999, 0.0878, 0.0476, 0.0428, 0.0313, 0.2]",
    "--- Epoch 22/40 ---",
    "E22 B47/235 L: 0.8143",
    "E22 B94/235 L: 0.8643",
    "E22 B141/235 L: 0.2374",
    "E22 B188/235 L: 0.2577",
    "E22 END - TrainL: 0.5957, ValAcc: 99.54%, ValL: 0.2118",
    "ZPE: [0.1999, 0.0877, 0.0492, 0.0423, 0.0352, 0.2]",
    "--- Epoch 23/40 ---",
    "E23 B47/235 L: 0.8425",
    "E23 B94/235 L: 0.5128",
    "E23 B141/235 L: 0.7802",
    "E23 B188/235 L: 0.9634",
    "E23 END - TrainL: 0.5940, ValAcc: 99.60%, ValL: 0.2194",
    "ZPE: [0.1999, 0.0877, 0.0436, 0.0408, 0.02, 0.2]",
    "--- Epoch 24/40 ---",
    "E24 B47/235 L: 0.5465",
    "E24 B94/235 L: 0.5791",
    "E24 B141/235 L: 1.1038",
    "E24 B188/235 L: 0.9765",
    "E24 END - TrainL: 0.6394, ValAcc: 99.57%, ValL: 0.2206",
    "ZPE: [0.1999, 0.0871, 0.0502, 0.0297, 0.0338, 0.2]",
    "--- Epoch 25/40 ---",
    "E25 B47/235 L: 0.3696",
    "E25 B94/235 L: 0.4210",
    "E25 B141/235 L: 0.2193",
    "E25 B188/235 L: 1.0446",
    "E25 END - TrainL: 0.6196, ValAcc: 99.43%, ValL: 0.2451",
    "ZPE: [0.1999, 0.0858, 0.0488, 0.0281, 0.0221, 0.1854]",
    "--- Epoch 26/40 ---",
    "E26 B47/235 L: 0.8637",
    "E26 B94/235 L: 0.2160",
    "E26 B141/235 L: 0.2102",
    "E26 B188/235 L: 0.6952",
    "E26 END - TrainL: 0.5905, ValAcc: 99.56%, ValL: 0.2172",
    "ZPE: [0.1999, 0.0826, 0.042, 0.036, 0.0259, 0.2]",
    "--- Epoch 27/40 ---",
    "E27 B47/235 L: 0.6265",
    "E27 B94/235 L: 0.6460",
    "E27 B141/235 L: 0.2829",
    "E27 B188/235 L: 0.4585",
    "E27 END - TrainL: 0.5965, ValAcc: 99.48%, ValL: 0.2388",
    "ZPE: [0.1999, 0.0863, 0.0474, 0.0274, 0.0265, 0.2]",
    "--- Epoch 28/40 ---",
    "E28 B47/235 L: 0.8595",
    "E28 B94/235 L: 0.3901",
    "E28 B141/235 L: 0.8244",
    "E28 B188/235 L: 1.0004",
    "E28 END - TrainL: 0.5829, ValAcc: 99.60%, ValL: 0.2112",
    "ZPE: [0.1999, 0.08, 0.042, 0.0341, 0.0248, 0.2]",
    "--- Epoch 29/40 ---",
