{
  "job_id": "zpe_job_3eddd7fa",
  "status": "completed",
  "current_epoch": 30,
  "total_epochs": 30,
  "accuracy": 99.68,
  "loss": 0.5114843129349974,
  "zpe_effects": [
    0.1998872011899948,
    0.024523843079805374,
    0.020088983699679375,
    0.028175581246614456,
    0.024879729375243187,
    0.19999998807907104
  ],
  "log_messages": [
    "Init job: ZPE-Colab-Sim_hnn_step4",
    "Starting PyTorch training: ZPE-Colab-Sim_hnn_step4",
    "Device: cuda",
    "Setting up MNIST dataset...",
    "DataLoaders created. Train: 1875, Val: 313 batches.",
    "Model & Optimizer initialized.",
    "--- Epoch 1/30 ---",
    "E1 B375/1875 L: 1.7141",
    "E1 B750/1875 L: 1.1945",
    "E1 B1125/1875 L: 1.1137",
    "E1 B1500/1875 L: 1.5900",
    "E1 END - TrainL: 1.1957, ValAcc: 96.87%, ValL: 0.6159",
    "ZPE: [0.1999, 0.1838, 0.0999, 0.158, 0.0497, 0.1991]",
    "--- Epoch 2/30 ---",
    "E2 B375/1875 L: 0.6384",
    "E2 B750/1875 L: 0.9002",
    "E2 B1125/1875 L: 0.7632",
    "E2 B1500/1875 L: 0.6528",
    "E2 END - TrainL: 1.0767, ValAcc: 98.79%, ValL: 0.5705",
    "ZPE: [0.1999, 0.1468, 0.0911, 0.0972, 0.0705, 0.2]",
    "--- Epoch 3/30 ---",
    "E3 B375/1875 L: 0.7564",
    "E3 B750/1875 L: 1.6315",
    "E3 B1125/1875 L: 1.4836",
    "E3 B1500/1875 L: 0.7694",
    "E3 END - TrainL: 1.0505, ValAcc: 98.86%, ValL: 0.5568",
    "ZPE: [0.1999, 0.1187, 0.0727, 0.0911, 0.0448, 0.1978]",
    "--- Epoch 4/30 ---",
    "E4 B375/1875 L: 1.0047",
    "E4 B750/1875 L: 0.6557",
    "E4 B1125/1875 L: 0.9855",
    "E4 B1500/1875 L: 0.5779",
    "E4 END - TrainL: 1.0207, ValAcc: 99.23%, ValL: 0.5734",
    "ZPE: [0.1999, 0.1003, 0.0501, 0.0805, 0.0477, 0.2]",
    "--- Epoch 5/30 ---",
    "E5 B375/1875 L: 0.7600",
    "E5 B750/1875 L: 0.9198",
    "E5 B1125/1875 L: 1.1135",
    "E5 B1500/1875 L: 0.9309",
    "E5 END - TrainL: 0.9899, ValAcc: 99.16%, ValL: 0.5600",
    "ZPE: [0.1999, 0.0812, 0.051, 0.0657, 0.0527, 0.2]",
    "--- Epoch 6/30 ---",
    "E6 B375/1875 L: 0.9008",
    "E6 B750/1875 L: 1.1645",
    "E6 B1125/1875 L: 0.6530",
    "E6 B1500/1875 L: 0.6346",
    "E6 END - TrainL: 0.9909, ValAcc: 99.21%, ValL: 0.5618",
    "ZPE: [0.1999, 0.0697, 0.0349, 0.0503, 0.0372, 0.2]",
    "--- Epoch 7/30 ---",
    "E7 B375/1875 L: 0.5991",
    "E7 B750/1875 L: 0.9982",
    "E7 B1125/1875 L: 1.1527",
    "E7 B1500/1875 L: 1.1910",
    "E7 END - TrainL: 0.9716, ValAcc: 99.24%, ValL: 0.5457",
    "ZPE: [0.1999, 0.0601, 0.0405, 0.0535, 0.0471, 0.2]",
    "--- Epoch 8/30 ---",
    "E8 B375/1875 L: 0.6906",
    "E8 B750/1875 L: 0.6961",
    "E8 B1125/1875 L: 1.3014",
    "E8 B1500/1875 L: 1.4433",
    "E8 END - TrainL: 0.9637, ValAcc: 99.30%, ValL: 0.5400",
    "ZPE: [0.1999, 0.047, 0.0345, 0.0474, 0.0351, 0.2]",
    "--- Epoch 9/30 ---",
    "E9 B375/1875 L: 0.5992",
    "E9 B750/1875 L: 0.5686",
    "E9 B1125/1875 L: 1.4872",
    "E9 B1500/1875 L: 0.7546",
    "E9 END - TrainL: 0.9560, ValAcc: 99.32%, ValL: 0.5523",
    "ZPE: [0.1999, 0.0505, 0.0331, 0.0543, 0.0424, 0.2]",
    "--- Epoch 10/30 ---",
    "E10 B375/1875 L: 0.5562",
    "E10 B750/1875 L: 1.3567",
    "E10 B1125/1875 L: 0.5548",
    "E10 B1500/1875 L: 1.4512",
    "E10 END - TrainL: 0.9379, ValAcc: 98.95%, ValL: 0.5762",
    "ZPE: [0.1999, 0.0407, 0.0244, 0.0473, 0.0412, 0.2]",
    "--- Epoch 11/30 ---",
    "E11 B375/1875 L: 1.1869",
    "E11 B750/1875 L: 1.3108",
    "E11 B1125/1875 L: 0.9575",
    "E11 B1500/1875 L: 0.8976",
    "E11 END - TrainL: 0.9510, ValAcc: 99.32%, ValL: 0.5412",
    "ZPE: [0.1999, 0.0407, 0.0327, 0.0463, 0.0402, 0.2]",
    "--- Epoch 12/30 ---",
    "E12 B375/1875 L: 1.1484",
    "E12 B750/1875 L: 0.6700",
    "E12 B1125/1875 L: 0.7072",
    "E12 B1500/1875 L: 1.2560",
    "E12 END - TrainL: 0.9262, ValAcc: 99.48%, ValL: 0.5366",
    "ZPE: [0.1999, 0.0328, 0.0251, 0.0381, 0.0334, 0.2]",
    "--- Epoch 13/30 ---",
    "E13 B375/1875 L: 1.2681",
    "E13 B750/1875 L: 0.6202",
    "E13 B1125/1875 L: 1.0959",
    "E13 B1500/1875 L: 1.2077",
    "E13 END - TrainL: 0.9132, ValAcc: 99.36%, ValL: 0.5547",
    "ZPE: [0.1999, 0.031, 0.0197, 0.032, 0.0314, 0.2]",
    "--- Epoch 14/30 ---",
    "E14 B375/1875 L: 1.3088",
    "E14 B750/1875 L: 1.1884",
    "E14 B1125/1875 L: 1.3532",
    "E14 B1500/1875 L: 0.6688",
    "E14 END - TrainL: 0.9029, ValAcc: 99.51%, ValL: 0.5421",
    "ZPE: [0.1999, 0.0314, 0.0222, 0.0397, 0.0344, 0.2]",
    "--- Epoch 15/30 ---",
    "E15 B375/1875 L: 0.9830",
    "E15 B750/1875 L: 0.9428",
    "E15 B1125/1875 L: 1.1448",
    "E15 B1500/1875 L: 0.8374",
    "E15 END - TrainL: 0.9013, ValAcc: 99.49%, ValL: 0.5323",
    "ZPE: [0.1999, 0.0301, 0.0197, 0.0328, 0.0245, 0.2]",
    "--- Epoch 16/30 ---",
    "E16 B375/1875 L: 0.9508",
    "E16 B750/1875 L: 0.5783",
    "E16 B1125/1875 L: 0.7761",
    "E16 B1500/1875 L: 0.8223",
    "E16 END - TrainL: 0.8895, ValAcc: 99.48%, ValL: 0.5271",
    "ZPE: [0.1999, 0.0256, 0.0197, 0.03, 0.0246, 0.2]",
    "--- Epoch 17/30 ---",
    "E17 B375/1875 L: 0.6245",
    "E17 B750/1875 L: 1.0561",
    "E17 B1125/1875 L: 0.5336",
    "E17 B1500/1875 L: 0.7997",
    "E17 END - TrainL: 0.8922, ValAcc: 99.57%, ValL: 0.5313",
    "ZPE: [0.1999, 0.0302, 0.0222, 0.0303, 0.035, 0.2]",
    "--- Epoch 18/30 ---",
    "E18 B375/1875 L: 1.0446",
    "E18 B750/1875 L: 0.8093",
    "E18 B1125/1875 L: 1.1637",
    "E18 B1500/1875 L: 0.5379",
    "E18 END - TrainL: 0.8844, ValAcc: 99.52%, ValL: 0.5210",
    "ZPE: [0.1999, 0.0269, 0.023, 0.0335, 0.0295, 0.2]",
    "--- Epoch 19/30 ---",
    "E19 B375/1875 L: 1.3116",
    "E19 B750/1875 L: 0.6685",
    "E19 B1125/1875 L: 1.1131",
    "E19 B1500/1875 L: 0.8945",
    "E19 END - TrainL: 0.8733, ValAcc: 99.50%, ValL: 0.5227",
    "ZPE: [0.1999, 0.0247, 0.0231, 0.032, 0.0272, 0.2]",
    "--- Epoch 20/30 ---",
    "E20 B375/1875 L: 0.5213",
    "E20 B750/1875 L: 0.9755",
    "E20 B1125/1875 L: 0.9010",
    "E20 B1500/1875 L: 1.3458",
    "E20 END - TrainL: 0.8646, ValAcc: 99.58%, ValL: 0.5171",
    "ZPE: [0.1999, 0.026, 0.0209, 0.0277, 0.0316, 0.2]",
    "--- Epoch 21/30 ---",
    "E21 B375/1875 L: 0.9523",
    "E21 B750/1875 L: 0.8986",
    "E21 B1125/1875 L: 1.0806",
    "E21 B1500/1875 L: 0.5297",
    "E21 END - TrainL: 0.8524, ValAcc: 99.50%, ValL: 0.5190",
    "ZPE: [0.1999, 0.0258, 0.0213, 0.0316, 0.0311, 0.2]",
    "--- Epoch 22/30 ---",
    "E22 B375/1875 L: 1.0245",
    "E22 B750/1875 L: 0.6893",
    "E22 B1125/1875 L: 1.3340",
    "E22 B1500/1875 L: 0.6290",
    "E22 END - TrainL: 0.8548, ValAcc: 99.50%, ValL: 0.5174",
    "ZPE: [0.1999, 0.0245, 0.0201, 0.0265, 0.028, 0.2]",
    "--- Epoch 23/30 ---",
    "E23 B375/1875 L: 0.6823",
    "E23 B750/1875 L: 0.5342",
    "E23 B1125/1875 L: 1.1851",
    "E23 B1500/1875 L: 1.1474",
    "E23 END - TrainL: 0.8457, ValAcc: 99.55%, ValL: 0.5159",
    "ZPE: [0.1999, 0.0235, 0.0198, 0.0268, 0.0246, 0.2]",
    "--- Epoch 24/30 ---",
    "E24 B375/1875 L: 0.8625",
    "E24 B750/1875 L: 0.9787",
    "E24 B1125/1875 L: 0.8266",
    "E24 B1500/1875 L: 0.5902",
    "E24 END - TrainL: 0.8439, ValAcc: 99.61%, ValL: 0.5156",
    "ZPE: [0.1999, 0.0245, 0.0188, 0.0295, 0.0246, 0.2]",
    "--- Epoch 25/30 ---",
    "E25 B375/1875 L: 1.1605",
    "E25 B750/1875 L: 0.9892",
    "E25 B1125/1875 L: 1.0624",
    "E25 B1500/1875 L: 0.6270",
    "E25 END - TrainL: 0.8488, ValAcc: 99.60%, ValL: 0.5133",
    "ZPE: [0.1999, 0.0213, 0.0187, 0.0275, 0.0242, 0.2]",
    "--- Epoch 26/30 ---",
    "E26 B375/1875 L: 0.9157",
    "E26 B750/1875 L: 1.1023",
    "E26 B1125/1875 L: 0.9113",
    "E26 B1500/1875 L: 0.7467",
    "E26 END - TrainL: 0.8424, ValAcc: 99.61%, ValL: 0.5130",
    "ZPE: [0.1999, 0.0219, 0.0196, 0.027, 0.0251, 0.2]",
    "--- Epoch 27/30 ---",
    "E27 B375/1875 L: 1.0576",
    "E27 B750/1875 L: 0.5524",
    "E27 B1125/1875 L: 1.2557",
    "E27 B1500/1875 L: 0.8390",
    "E27 END - TrainL: 0.8409, ValAcc: 99.65%, ValL: 0.5120",
    "ZPE: [0.1999, 0.0267, 0.0208, 0.0304, 0.0265, 0.2]",
    "--- Epoch 28/30 ---",
    "E28 B375/1875 L: 0.9780",
