{
  "job_id": "zpe_job_df83b3d3",
  "status": "stopped",
  "current_epoch": 19,
  "total_epochs": 30,
  "accuracy": 99.52,
  "loss": 0.8539485931396484,
  "zpe_effects": [
    0.19999998807907104,
    0.013489973731338978,
    0.014485657215118408,
    0.025849366560578346,
    0.01679476536810398,
    0.19999998807907104
  ],
  "log_messages": [
    "Init job: ZPE-Colab-Sim_hnn_step5",
    "Starting PyTorch training: ZPE-Colab-Sim_hnn_step5",
    "Device: cuda",
    "Setting up MNIST dataset...",
    "DataLoaders created. Train: 1875, Val: 313 batches.",
    "Model & Optimizer initialized.",
    "--- Epoch 1/30 ---",
    "E1 B375/1875 L: 1.6343",
    "E1 B750/1875 L: 1.6486",
    "E1 B1125/1875 L: 0.8825",
    "E1 B1500/1875 L: 1.3708",
    "E1 END - TrainL: 1.2103, ValAcc: 98.20%, ValL: 0.5804",
    "ZPE: [0.1999, 0.1846, 0.1196, 0.1178, 0.1168, 0.2]",
    "--- Epoch 2/30 ---",
    "E2 B375/1875 L: 0.6283",
    "E2 B750/1875 L: 1.4907",
    "E2 B1125/1875 L: 0.6686",
    "E2 B1500/1875 L: 0.7447",
    "E2 END - TrainL: 1.0786, ValAcc: 98.79%, ValL: 0.5702",
    "ZPE: [0.1999, 0.1385, 0.0849, 0.0929, 0.0549, 0.1988]",
    "--- Epoch 3/30 ---",
    "E3 B375/1875 L: 1.0441",
    "E3 B750/1875 L: 1.4931",
    "E3 B1125/1875 L: 0.6768",
    "E3 B1500/1875 L: 1.7434",
    "E3 END - TrainL: 1.0506, ValAcc: 99.07%, ValL: 0.5494",
    "ZPE: [0.1999, 0.1008, 0.0713, 0.0797, 0.0522, 0.2]",
    "--- Epoch 4/30 ---",
    "E4 B375/1875 L: 0.6519",
    "E4 B750/1875 L: 0.8814",
    "E4 B1125/1875 L: 1.0473",
    "E4 B1500/1875 L: 1.3747",
    "E4 END - TrainL: 1.0336, ValAcc: 98.84%, ValL: 0.5790",
    "ZPE: [0.1999, 0.0782, 0.0486, 0.0627, 0.0475, 0.2]",
    "--- Epoch 5/30 ---",
    "E5 B375/1875 L: 0.6088",
    "E5 B750/1875 L: 0.6299",
    "E5 B1125/1875 L: 0.5678",
    "E5 B1500/1875 L: 1.5279",
    "E5 END - TrainL: 1.0134, ValAcc: 99.00%, ValL: 0.5560",
    "ZPE: [0.1999, 0.0599, 0.0403, 0.0675, 0.0304, 0.2]",
    "--- Epoch 6/30 ---",
    "E6 B375/1875 L: 1.3982",
    "E6 B750/1875 L: 0.6030",
    "E6 B1125/1875 L: 0.6731",
    "E6 B1500/1875 L: 1.0462",
    "E6 END - TrainL: 0.9882, ValAcc: 99.21%, ValL: 0.5443",
    "ZPE: [0.1999, 0.0499, 0.0435, 0.0616, 0.0407, 0.2]",
    "--- Epoch 7/30 ---",
    "E7 B375/1875 L: 1.1636",
    "E7 B750/1875 L: 1.6942",
    "E7 B1125/1875 L: 1.0889",
    "E7 B1500/1875 L: 0.6580",
    "E7 END - TrainL: 0.9892, ValAcc: 99.38%, ValL: 0.5479",
    "ZPE: [0.1999, 0.0335, 0.0301, 0.0515, 0.0386, 0.2]",
    "--- Epoch 8/30 ---",
    "E8 B375/1875 L: 0.6186",
    "E8 B750/1875 L: 1.0763",
    "E8 B1125/1875 L: 0.8955",
    "E8 B1500/1875 L: 0.6094",
    "E8 END - TrainL: 0.9549, ValAcc: 99.40%, ValL: 0.5678",
    "ZPE: [0.1999, 0.0357, 0.029, 0.0415, 0.0321, 0.2]",
    "--- Epoch 9/30 ---",
    "E9 B375/1875 L: 0.6426",
    "E9 B750/1875 L: 1.4034",
    "E9 B1125/1875 L: 1.4506",
    "E9 B1500/1875 L: 0.5744",
    "E9 END - TrainL: 0.9478, ValAcc: 99.37%, ValL: 0.5673",
    "ZPE: [0.1999, 0.0296, 0.02, 0.0401, 0.0282, 0.2]",
    "--- Epoch 10/30 ---",
    "E10 B375/1875 L: 0.7546",
    "E10 B750/1875 L: 0.7288",
    "E10 B1125/1875 L: 1.1313",
    "E10 B1500/1875 L: 1.0873",
    "E10 END - TrainL: 0.9548, ValAcc: 99.41%, ValL: 0.5756",
    "ZPE: [0.1999, 0.0306, 0.024, 0.0357, 0.0376, 0.2]",
    "--- Epoch 11/30 ---",
    "E11 B375/1875 L: 0.5488",
    "E11 B750/1875 L: 0.5697",
    "E11 B1125/1875 L: 1.0225",
    "E11 B1500/1875 L: 0.6703",
    "E11 END - TrainL: 0.9392, ValAcc: 99.40%, ValL: 0.5369",
    "ZPE: [0.1999, 0.0219, 0.0272, 0.0353, 0.0423, 0.2]",
    "--- Epoch 12/30 ---",
    "E12 B375/1875 L: 1.3821",
    "E12 B750/1875 L: 1.3185",
    "E12 B1125/1875 L: 0.8233",
    "E12 B1500/1875 L: 0.7096",
    "E12 END - TrainL: 0.9269, ValAcc: 99.46%, ValL: 0.5459",
    "ZPE: [0.1999, 0.0233, 0.0202, 0.0424, 0.0382, 0.2]",
    "--- Epoch 13/30 ---",
    "E13 B375/1875 L: 0.7600",
    "E13 B750/1875 L: 0.5607",
    "E13 B1125/1875 L: 0.5929",
    "E13 B1500/1875 L: 0.5301",
    "E13 END - TrainL: 0.9185, ValAcc: 99.42%, ValL: 0.5418",
    "ZPE: [0.1999, 0.0206, 0.021, 0.0355, 0.0251, 0.2]",
    "--- Epoch 14/30 ---",
    "E14 B375/1875 L: 0.9260",
    "E14 B750/1875 L: 0.8242",
    "E14 B1125/1875 L: 1.2994",
    "E14 B1500/1875 L: 0.9124",
    "E14 END - TrainL: 0.9170, ValAcc: 99.56%, ValL: 0.5426",
    "ZPE: [0.1999, 0.0223, 0.02, 0.0322, 0.0299, 0.2]",
    "--- Epoch 15/30 ---",
    "E15 B375/1875 L: 0.7256",
    "E15 B750/1875 L: 1.1040",
    "E15 B1125/1875 L: 1.0039",
    "E15 B1500/1875 L: 1.1203",
    "E15 END - TrainL: 0.9019, ValAcc: 99.46%, ValL: 0.5308",
    "ZPE: [0.1999, 0.0176, 0.0185, 0.0311, 0.0215, 0.2]",
    "--- Epoch 16/30 ---",
    "E16 B375/1875 L: 0.6068",
    "E16 B750/1875 L: 1.2260",
    "E16 B1125/1875 L: 1.2778",
    "E16 B1500/1875 L: 0.9108",
    "E16 END - TrainL: 0.8959, ValAcc: 99.44%, ValL: 0.5329",
    "ZPE: [0.1999, 0.0198, 0.0164, 0.0341, 0.0281, 0.2]",
    "--- Epoch 17/30 ---",
    "E17 B375/1875 L: 0.5256",
    "E17 B750/1875 L: 1.0306",
    "E17 B1125/1875 L: 1.2876",
    "E17 B1500/1875 L: 1.1134",
    "E17 END - TrainL: 0.8767, ValAcc: 99.44%, ValL: 0.5275",
    "ZPE: [0.1999, 0.0174, 0.0169, 0.0307, 0.0277, 0.2]",
    "--- Epoch 18/30 ---",
    "E18 B375/1875 L: 1.1331",
    "E18 B750/1875 L: 1.1436",
    "E18 B1125/1875 L: 1.2791",
    "E18 B1500/1875 L: 1.1473",
    "E18 END - TrainL: 0.8815, ValAcc: 99.52%, ValL: 0.5189",
    "ZPE: [0.1999, 0.0145, 0.0159, 0.0264, 0.0271, 0.2]",
    "--- Epoch 19/30 ---",
    "E19 B375/1875 L: 0.8539",
    "Stop request received."
  ],
  "parameters": {
    "totalEpochs": 30,
    "batchSize": 32,
    "learningRate": 0.0011,
    "weightDecay": 1.2567843546879078e-05,
    "momentumParams": [
      0.9,
      0.86,
      0.81,
      0.75,
      0.44,
      0.66
    ],
    "strengthParams": [
      0.15,
      0.56,
      0.42,
      0.61,
      0.38,
      0.4
    ],
    "noiseParams": [
      0.18,
      0.28,
      0.26,
      0.45,
      0.3,
      0.25
    ],
    "couplingParams": [
      0.75,
      0.82,
      0.79,
      0.76,
      0.73,
      0.6
    ],
    "quantumCircuitSize": 32,
    "labelSmoothing": 0.1,
    "quantumMode": true,
    "modelName": "ZPE-Colab-Sim_hnn_step5",
    "baseConfigId": "zpe_job_3eddd7fa"
  },
  "start_time": "2025-06-04T17:04:12.552606",
  "end_time": null,
  "gpu_info": {
    "id": "0",
    "name": "NVIDIA GeForce RTX 3050 6GB Laptop GPU",
    "utilization_gpu_percent": 0.0,
    "utilization_memory_io_percent": 0.0,
    "memory_total_mb": 6144.0,
    "memory_used_mb": 343.0,
    "memory_free_mb": 5801.0,
    "memory_used_percent": 5.582682291666667,
    "temperature_c": 57.0,
    "power_draw_w": 5.076
  }
}