{
  "job_id": "zpe_job_08186385",
  "status": "stopped",
  "current_epoch": 4,
  "zpe_history": [
    {
      "epoch": 1,
      "zpe_effects": [
        0.1998872011899948,
        0.00705685606226325,
        0.012493657879531384,
        0.015816664323210716,
        0.01436768751591444,
        0.19999998807907104
      ]
    },
    {
      "epoch": 2,
      "zpe_effects": [
        0.1998872011899948,
        0.006002319045364857,
        0.009682285599410534,
        0.014031804166734219,
        0.018720567226409912,
        0.19999998807907104
      ]
    },
    {
      "epoch": 3,
      "zpe_effects": [
        0.1998872011899948,
        0.00604779738932848,
        0.006268370430916548,
        0.016403961926698685,
        0.01083364523947239,
        0.19999998807907104
      ]
    },
    {
      "epoch": 4,
      "zpe_effects": [
        0.1998872011899948,
        0.005483412649482489,
        0.009385096840560436,
        0.012518549337983131,
        0.011213338933885098,
        0.19999998807907104
      ]
    }
  ],
  "total_epochs": 45,
  "accuracy": 99.26,
  "loss": 0.4559148194881293,
  "zpe_effects": [
    0.1998872011899948,
    0.005483412649482489,
    0.009385096840560436,
    0.012518549337983131,
    0.011213338933885098,
    0.19999998807907104
  ],
  "log_messages": [
    "Init job: ZPE-Colab-Sim_hnn_step8_cont_7770",
    "Starting PyTorch training: ZPE-Colab-Sim_hnn_step8_cont_7770",
    "Device: cuda",
    "Setting up MNIST dataset...",
    "DataLoaders created. Train: 1875, Val: 313 batches.",
    "Model & Optimizer initialized.",
    "Loaded previous weights from training_jobs/zpe_job_169cda4c_model.pth for continue training.",
    "--- Epoch 1/45 ---",
    "E1 B375/1875 L: 0.6925",
    "E1 B750/1875 L: 0.4486",
    "E1 B1125/1875 L: 0.8601",
    "E1 B1500/1875 L: 0.6983",
    "E1 END - TrainL: 0.8229, ValAcc: 99.42%, ValL: 0.4612",
    "ZPE: ['0.1999', '0.0071', '0.0125', '0.0158', '0.0144', '0.2000']",
    "--- Epoch 2/45 ---",
    "E2 B375/1875 L: 0.5987",
    "E2 B750/1875 L: 0.4718",
    "E2 B1125/1875 L: 0.4554",
    "E2 B1500/1875 L: 0.5035",
    "E2 END - TrainL: 0.8180, ValAcc: 99.42%, ValL: 0.4476",
    "ZPE: ['0.1999', '0.0060', '0.0097', '0.0140', '0.0187', '0.2000']",
    "--- Epoch 3/45 ---",
    "E3 B375/1875 L: 0.8077",
    "E3 B750/1875 L: 1.2669",
    "E3 B1125/1875 L: 0.6201",
    "E3 B1500/1875 L: 0.9266",
    "E3 END - TrainL: 0.8192, ValAcc: 99.51%, ValL: 0.4480",
    "ZPE: ['0.1999', '0.0060', '0.0063', '0.0164', '0.0108', '0.2000']",
    "--- Epoch 4/45 ---",
    "E4 B375/1875 L: 0.5865",
    "E4 B750/1875 L: 0.7277",
    "E4 B1125/1875 L: 1.0410",
    "Stop request received.",
    "E4 END - TrainL: 0.8140, ValAcc: 99.26%, ValL: 0.4559",
    "ZPE: ['0.1999', '0.0055', '0.0094', '0.0125', '0.0112', '0.2000']",
    "Training stopped."
  ],
  "parameters": {
    "totalEpochs": 45,
    "batchSize": 32,
    "learningRate": 0.00126,
    "weightDecay": 1.2567843546879078e-05,
    "momentumParams": [
      0.96,
      0.85,
      0.78,
      0.72,
      0.41,
      0.75
    ],
    "strengthParams": [
      0.19,
      0.56,
      0.42,
      0.61,
      0.38,
      0.45
    ],
    "noiseParams": [
      0.16,
      0.26,
      0.24,
      0.43,
      0.28,
      0.23
    ],
    "couplingParams": [
      0.78,
      0.83,
      0.8,
      0.77,
      0.74,
      0.63
    ],
    "quantumCircuitSize": 32,
    "labelSmoothing": 0.08,
    "quantumMode": true,
    "modelName": "ZPE-Colab-Sim_hnn_step8_cont_7770",
    "baseConfigId": "zpe_job_169cda4c"
  },
  "start_time": "2025-06-09T15:43:07.785684",
  "end_time": "2025-06-09T15:44:41.574074",
  "gpu_info": {
    "id": "0",
    "name": "NVIDIA GeForce RTX 3050 6GB Laptop GPU",
    "utilization_gpu_percent": 77.0,
    "utilization_memory_io_percent": 66.0,
    "memory_total_mb": 6144.0,
    "memory_used_mb": 624.875,
    "memory_free_mb": 5519.125,
    "memory_used_percent": 10.170491536458334,
    "temperature_c": 70.0,
    "power_draw_w": 34.706,
    "fan_speed_percent": null
  }
}