{
  "job_id": "zpe_job_28729f53",
  "status": "stopped",
  "current_epoch": 24,
  "total_epochs": 30,
  "accuracy": 99.48,
  "loss": 0.7798376083374023,
  "zpe_effects": [
    0.19999998807907104,
    0.010999656282365322,
    0.007244241423904896,
    0.011248636059463024,
    0.011356497183442116,
    0.19999998807907104
  ],
  "log_messages": [
    "Init job: ZPE-QuantumWeaver-V1",
    "Starting PyTorch training: ZPE-QuantumWeaver-V1",
    "Device: cuda",
    "Setting up MNIST dataset...",
    "DataLoaders created. Train: 1875, Val: 313 batches.",
    "Model & Optimizer initialized.",
    "--- Epoch 1/30 ---",
    "E1 B375/1875 L: 1.5777",
    "E1 B750/1875 L: 1.6335",
    "E1 B1125/1875 L: 0.7449",
    "E1 B1500/1875 L: 0.6342",
    "E1 END - TrainL: 1.1990, ValAcc: 97.70%, ValL: 0.5913",
    "ZPE: [0.1999, 0.1626, 0.1123, 0.1593, 0.0356, 0.1992]",
    "--- Epoch 2/30 ---",
    "E2 B375/1875 L: 0.7675",
    "E2 B750/1875 L: 1.4517",
    "E2 B1125/1875 L: 0.6296",
    "E2 B1500/1875 L: 1.2671",
    "E2 END - TrainL: 1.0586, ValAcc: 98.83%, ValL: 0.5537",
    "ZPE: [0.1999, 0.1236, 0.0695, 0.0746, 0.0526, 0.2]",
    "--- Epoch 3/30 ---",
    "E3 B375/1875 L: 1.3025",
    "E3 B750/1875 L: 1.5248",
    "E3 B1125/1875 L: 0.7463",
    "E3 B1500/1875 L: 1.4058",
    "E3 END - TrainL: 1.0403, ValAcc: 98.39%, ValL: 0.5685",
    "ZPE: [0.1999, 0.0986, 0.0462, 0.0645, 0.0145, 0.1971]",
    "--- Epoch 4/30 ---",
    "E4 B375/1875 L: 0.8202",
    "E4 B750/1875 L: 1.0125",
    "E4 B1125/1875 L: 0.9975",
    "E4 B1500/1875 L: 1.4895",
    "E4 END - TrainL: 1.0191, ValAcc: 98.98%, ValL: 0.5578",
    "ZPE: [0.1999, 0.0729, 0.0402, 0.0446, 0.0276, 0.2]",
    "--- Epoch 5/30 ---",
    "E5 B375/1875 L: 0.6275",
    "E5 B750/1875 L: 1.2153",
    "E5 B1125/1875 L: 1.3920",
    "E5 B1500/1875 L: 0.6392",
    "E5 END - TrainL: 0.9970, ValAcc: 99.09%, ValL: 0.5597",
    "ZPE: [0.1999, 0.0585, 0.0356, 0.0365, 0.027, 0.2]",
    "--- Epoch 6/30 ---",
    "E6 B375/1875 L: 0.8182",
    "E6 B750/1875 L: 0.7373",
    "E6 B1125/1875 L: 1.1104",
    "E6 B1500/1875 L: 0.6129",
    "E6 END - TrainL: 0.9861, ValAcc: 99.19%, ValL: 0.5573",
    "ZPE: [0.1999, 0.0464, 0.0296, 0.0198, 0.0204, 0.2]",
    "--- Epoch 7/30 ---",
    "E7 B375/1875 L: 1.0883",
    "E7 B750/1875 L: 0.8724",
    "E7 B1125/1875 L: 0.6834",
    "E7 B1500/1875 L: 1.4634",
    "E7 END - TrainL: 0.9813, ValAcc: 99.06%, ValL: 0.5557",
    "ZPE: [0.1999, 0.045, 0.0264, 0.022, 0.0227, 0.2]",
    "--- Epoch 8/30 ---",
    "E8 B375/1875 L: 1.4146",
    "E8 B750/1875 L: 0.6452",
    "E8 B1125/1875 L: 0.5766",
    "E8 B1500/1875 L: 0.5361",
    "E8 END - TrainL: 0.9609, ValAcc: 99.22%, ValL: 0.5424",
    "ZPE: [0.1999, 0.037, 0.0222, 0.0288, 0.0197, 0.2]",
    "--- Epoch 9/30 ---",
    "E9 B375/1875 L: 0.6452",
    "E9 B750/1875 L: 0.7419",
    "E9 B1125/1875 L: 0.6634",
    "E9 B1500/1875 L: 1.0388",
    "E9 END - TrainL: 0.9516, ValAcc: 99.39%, ValL: 0.5420",
    "ZPE: [0.1999, 0.0321, 0.0195, 0.0174, 0.0173, 0.2]",
    "--- Epoch 10/30 ---",
    "E10 B375/1875 L: 1.2715",
    "E10 B750/1875 L: 0.9967",
    "E10 B1125/1875 L: 1.2711",
    "E10 B1500/1875 L: 1.4663",
    "E10 END - TrainL: 0.9416, ValAcc: 99.33%, ValL: 0.5441",
    "ZPE: [0.1999, 0.0305, 0.0154, 0.0204, 0.0201, 0.2]",
    "--- Epoch 11/30 ---",
    "E11 B375/1875 L: 1.2629",
    "E11 B750/1875 L: 1.3737",
    "E11 B1125/1875 L: 1.5261",
    "E11 B1500/1875 L: 1.3225",
    "E11 END - TrainL: 0.9318, ValAcc: 99.24%, ValL: 0.5524",
    "ZPE: [0.1999, 0.0263, 0.015, 0.0151, 0.0148, 0.2]",
    "--- Epoch 12/30 ---",
    "E12 B375/1875 L: 0.7858",
    "E12 B750/1875 L: 1.2298",
    "E12 B1125/1875 L: 0.7350",
    "E12 B1500/1875 L: 1.3000",
    "E12 END - TrainL: 0.9253, ValAcc: 99.24%, ValL: 0.5346",
    "ZPE: [0.1999, 0.0249, 0.019, 0.0204, 0.018, 0.2]",
    "--- Epoch 13/30 ---",
    "E13 B375/1875 L: 0.7447",
    "E13 B750/1875 L: 0.9409",
    "E13 B1125/1875 L: 0.9719",
    "E13 B1500/1875 L: 1.1668",
    "E13 END - TrainL: 0.9215, ValAcc: 99.43%, ValL: 0.5323",
    "ZPE: [0.1999, 0.0225, 0.0149, 0.0161, 0.0161, 0.2]",
    "--- Epoch 14/30 ---",
    "E14 B375/1875 L: 0.8344",
    "E14 B750/1875 L: 1.0759",
    "E14 B1125/1875 L: 1.2734",
    "E14 B1500/1875 L: 0.9250",
    "E14 END - TrainL: 0.8999, ValAcc: 99.43%, ValL: 0.5249",
    "ZPE: [0.1999, 0.0151, 0.0125, 0.0142, 0.0155, 0.2]",
    "--- Epoch 15/30 ---",
    "E15 B375/1875 L: 1.1997",
    "E15 B750/1875 L: 0.5708",
    "E15 B1125/1875 L: 1.3176",
    "E15 B1500/1875 L: 1.2490",
    "E15 END - TrainL: 0.8911, ValAcc: 99.32%, ValL: 0.5252",
    "ZPE: [0.1999, 0.0145, 0.009, 0.0124, 0.0147, 0.2]",
    "--- Epoch 16/30 ---",
    "E16 B375/1875 L: 1.1792",
    "E16 B750/1875 L: 0.6925",
    "E16 B1125/1875 L: 0.9439",
    "E16 B1500/1875 L: 0.8641",
    "E16 END - TrainL: 0.8916, ValAcc: 99.42%, ValL: 0.5296",
    "ZPE: [0.1999, 0.018, 0.0098, 0.0114, 0.014, 0.2]",
    "--- Epoch 17/30 ---",
    "E17 B375/1875 L: 0.6836",
    "E17 B750/1875 L: 0.8266",
    "E17 B1125/1875 L: 1.1755",
    "E17 B1500/1875 L: 0.5551",
    "E17 END - TrainL: 0.8958, ValAcc: 99.37%, ValL: 0.5269",
    "ZPE: [0.1999, 0.0134, 0.0079, 0.0125, 0.0126, 0.2]",
    "--- Epoch 18/30 ---",
    "E18 B375/1875 L: 0.8022",
    "E18 B750/1875 L: 0.5535",
    "E18 B1125/1875 L: 1.1665",
    "E18 B1500/1875 L: 0.5383",
    "E18 END - TrainL: 0.8646, ValAcc: 99.50%, ValL: 0.5275",
    "ZPE: [0.1999, 0.0157, 0.0114, 0.0125, 0.0171, 0.2]",
    "--- Epoch 19/30 ---",
    "E19 B375/1875 L: 0.5289",
    "E19 B750/1875 L: 1.1794",
    "E19 B1125/1875 L: 0.7314",
    "E19 B1500/1875 L: 0.9839",
    "E19 END - TrainL: 0.8678, ValAcc: 99.57%, ValL: 0.5249",
    "ZPE: [0.1999, 0.0145, 0.0116, 0.0113, 0.0128, 0.2]",
    "--- Epoch 20/30 ---",
    "E20 B375/1875 L: 1.1792",
    "E20 B750/1875 L: 0.6310",
    "E20 B1125/1875 L: 0.5950",
    "E20 B1500/1875 L: 0.5766",
    "E20 END - TrainL: 0.8728, ValAcc: 99.40%, ValL: 0.5323",
    "ZPE: [0.1999, 0.0149, 0.0112, 0.0103, 0.0127, 0.2]",
    "--- Epoch 21/30 ---",
    "E21 B375/1875 L: 1.0548",
    "E21 B750/1875 L: 0.5856",
    "E21 B1125/1875 L: 0.5304",
    "E21 B1500/1875 L: 0.5524",
    "E21 END - TrainL: 0.8569, ValAcc: 99.46%, ValL: 0.5187",
    "ZPE: [0.1999, 0.0129, 0.0087, 0.0107, 0.0127, 0.2]",
    "--- Epoch 22/30 ---",
    "E22 B375/1875 L: 0.5116",
    "E22 B750/1875 L: 0.9614",
    "E22 B1125/1875 L: 0.5720",
    "E22 B1500/1875 L: 1.2801",
    "E22 END - TrainL: 0.8509, ValAcc: 99.51%, ValL: 0.5207",
    "ZPE: [0.1999, 0.014, 0.0101, 0.009, 0.0125, 0.2]",
    "--- Epoch 23/30 ---",
    "E23 B375/1875 L: 0.8897",
    "E23 B750/1875 L: 0.7437",
    "E23 B1125/1875 L: 0.8956",
    "E23 B1500/1875 L: 0.8341",
    "E23 END - TrainL: 0.8544, ValAcc: 99.48%, ValL: 0.5210",
    "ZPE: [0.1999, 0.0173, 0.0107, 0.0105, 0.0142, 0.2]",
    "--- Epoch 24/30 ---",
    "E24 B375/1875 L: 0.7798",
    "Stop request received."
  ],
  "parameters": {
    "totalEpochs": 30,
    "batchSize": 32,
    "learningRate": 0.001,
    "weightDecay": 0.0001,
    "momentumParams": [
      0.9,
      0.85,
      0.8,
      0.75,
      0.7,
      0.65
    ],
    "strengthParams": [
      0.35,
      0.33,
      0.31,
      0.6,
      0.27,
      0.5
    ],
    "noiseParams": [
      0.3,
      0.28,
      0.26,
      0.35,
      0.22,
      0.25
    ],
    "couplingParams": [
      0.85,
      0.82,
      0.79,
      0.76,
      0.73,
      0.7
    ],
    "quantumCircuitSize": 32,
    "labelSmoothing": 0.1,
    "quantumMode": true,
    "modelName": "ZPE-QuantumWeaver-V1",
    "baseConfigId": null
  },
  "start_time": "2025-06-05T22:01:24.989099",
  "end_time": null,
  "gpu_info": {
    "id": "0",
    "name": "NVIDIA GeForce RTX 3050 6GB Laptop GPU",
    "utilization_gpu_percent": 0.0,
    "utilization_memory_io_percent": 0.0,
    "memory_total_mb": 6144.0,
    "memory_used_mb": 343.0,
    "memory_free_mb": 5801.0,
    "memory_used_percent": 5.582682291666667,
    "temperature_c": 55.0,
    "power_draw_w": 4.941,