{
  "job_id": "zpe_job_5386902b",
  "status": "completed",
  "current_epoch": 30,
  "total_epochs": 30,
  "accuracy": 99.66,
  "loss": 0.5133484621017504,
  "zpe_effects": [
    0.1998872011899948,
    0.01751927100121975,
    0.017471278086304665,
    0.02437777630984783,
    0.024200154468417168,
    0.19999998807907104
  ],
  "log_messages": [
    "Init job: ZPE-Colab-Sim_hnn_step3",
    "Starting PyTorch training: ZPE-Colab-Sim_hnn_step3",
    "Device: cuda",
    "Setting up MNIST dataset...",
    "DataLoaders created. Train: 1875, Val: 313 batches.",
    "Model & Optimizer initialized.",
    "--- Epoch 1/30 ---",
    "E1 B375/1875 L: 0.9627",
    "E1 B750/1875 L: 1.2199",
    "E1 B1125/1875 L: 1.5752",
    "E1 B1500/1875 L: 0.9397",
    "E1 END - TrainL: 1.1976, ValAcc: 98.54%, ValL: 0.5905",
    "ZPE: [0.1999, 0.1658, 0.1113, 0.1304, 0.1067, 0.1961]",
    "--- Epoch 2/30 ---",
    "E2 B375/1875 L: 0.7033",
    "E2 B750/1875 L: 1.0708",
    "E2 B1125/1875 L: 1.4405",
    "E2 B1500/1875 L: 0.7300",
    "E2 END - TrainL: 1.0763, ValAcc: 98.51%, ValL: 0.5739",
    "ZPE: [0.1999, 0.1389, 0.0781, 0.12, 0.0506, 0.1994]",
    "--- Epoch 3/30 ---",
    "E3 B375/1875 L: 0.7055",
    "E3 B750/1875 L: 0.7944",
    "E3 B1125/1875 L: 1.3740",
    "E3 B1500/1875 L: 1.3936",
    "E3 END - TrainL: 1.0462, ValAcc: 98.19%, ValL: 0.5954",
    "ZPE: [0.1999, 0.1169, 0.0804, 0.0773, 0.0551, 0.1912]",
    "--- Epoch 4/30 ---",
    "E4 B375/1875 L: 0.6575",
    "E4 B750/1875 L: 1.3565",
    "E4 B1125/1875 L: 0.6504",
    "E4 B1500/1875 L: 1.0338",
    "E4 END - TrainL: 1.0142, ValAcc: 99.20%, ValL: 0.5590",
    "ZPE: [0.1999, 0.0875, 0.0618, 0.0585, 0.0401, 0.2]",
    "--- Epoch 5/30 ---",
    "E5 B375/1875 L: 1.2661",
    "E5 B750/1875 L: 0.6621",
    "E5 B1125/1875 L: 0.7107",
    "E5 B1500/1875 L: 1.5123",
    "E5 END - TrainL: 1.0253, ValAcc: 99.23%, ValL: 0.5488",
    "ZPE: [0.1999, 0.076, 0.0563, 0.0548, 0.0582, 0.2]",
    "--- Epoch 6/30 ---",
    "E6 B375/1875 L: 1.5215",
    "E6 B750/1875 L: 1.2631",
    "E6 B1125/1875 L: 0.6031",
    "E6 B1500/1875 L: 0.6235",
    "E6 END - TrainL: 0.9889, ValAcc: 99.33%, ValL: 0.5545",
    "ZPE: [0.1999, 0.0607, 0.0411, 0.0579, 0.0483, 0.2]",
    "--- Epoch 7/30 ---",
    "E7 B375/1875 L: 1.2014",
    "E7 B750/1875 L: 0.6489",
    "E7 B1125/1875 L: 1.2627",
    "E7 B1500/1875 L: 1.2124",
    "E7 END - TrainL: 0.9693, ValAcc: 99.08%, ValL: 0.5511",
    "ZPE: [0.1999, 0.0475, 0.0379, 0.0325, 0.0402, 0.2]",
    "--- Epoch 8/30 ---",
    "E8 B375/1875 L: 0.5396",
    "E8 B750/1875 L: 1.0654",
    "E8 B1125/1875 L: 1.3640",
    "E8 B1500/1875 L: 1.1785",
    "E8 END - TrainL: 0.9605, ValAcc: 99.02%, ValL: 0.5770",
    "ZPE: [0.1999, 0.0459, 0.0388, 0.047, 0.0358, 0.1944]",
    "--- Epoch 9/30 ---",
    "E9 B375/1875 L: 0.5936",
    "E9 B750/1875 L: 1.2756",
    "E9 B1125/1875 L: 1.2322",
    "E9 B1500/1875 L: 0.6220",
    "E9 END - TrainL: 0.9521, ValAcc: 99.31%, ValL: 0.5589",
    "ZPE: [0.1999, 0.0422, 0.0279, 0.054, 0.0353, 0.2]",
    "--- Epoch 10/30 ---",
    "E10 B375/1875 L: 0.9428",
    "E10 B750/1875 L: 0.7991",
    "E10 B1125/1875 L: 1.2611",
    "E10 B1500/1875 L: 0.5832",
    "E10 END - TrainL: 0.9382, ValAcc: 99.40%, ValL: 0.5561",
    "ZPE: [0.1999, 0.0389, 0.0337, 0.0404, 0.0462, 0.2]",
    "--- Epoch 11/30 ---",
    "E11 B375/1875 L: 0.5648",
    "E11 B750/1875 L: 1.3116",
    "E11 B1125/1875 L: 0.9661",
    "E11 B1500/1875 L: 1.1968",
    "E11 END - TrainL: 0.9305, ValAcc: 99.41%, ValL: 0.5602",
    "ZPE: [0.1999, 0.0343, 0.0274, 0.0366, 0.0314, 0.2]",
    "--- Epoch 12/30 ---",
    "E12 B375/1875 L: 1.1364",
    "E12 B750/1875 L: 1.2441",
    "E12 B1125/1875 L: 1.3549",
    "E12 B1500/1875 L: 0.5750",
    "E12 END - TrainL: 0.9169, ValAcc: 99.41%, ValL: 0.5320",
    "ZPE: [0.1999, 0.0289, 0.0256, 0.0347, 0.0316, 0.2]",
    "--- Epoch 13/30 ---",
    "E13 B375/1875 L: 0.8595",
    "E13 B750/1875 L: 0.5399",
    "E13 B1125/1875 L: 1.0980",
    "E13 B1500/1875 L: 0.7102",
    "E13 END - TrainL: 0.9124, ValAcc: 99.42%, ValL: 0.5347",
    "ZPE: [0.1999, 0.0284, 0.0262, 0.0395, 0.0352, 0.2]",
    "--- Epoch 14/30 ---",
    "E14 B375/1875 L: 0.5339",
    "E14 B750/1875 L: 1.1561",
    "E14 B1125/1875 L: 1.2473",
    "E14 B1500/1875 L: 0.6671",
    "E14 END - TrainL: 0.9017, ValAcc: 99.66%, ValL: 0.5474",
    "ZPE: [0.1999, 0.0287, 0.0252, 0.041, 0.0354, 0.2]",
    "--- Epoch 15/30 ---",
    "E15 B375/1875 L: 0.5292",
    "E15 B750/1875 L: 0.6627",
    "E15 B1125/1875 L: 0.8274",
    "E15 B1500/1875 L: 0.9807",
    "E15 END - TrainL: 0.8921, ValAcc: 99.44%, ValL: 0.5334",
    "ZPE: [0.1999, 0.0293, 0.0236, 0.0354, 0.0391, 0.2]",
    "--- Epoch 16/30 ---",
    "E16 B375/1875 L: 0.5310",
    "E16 B750/1875 L: 1.2674",
    "E16 B1125/1875 L: 1.1836",
    "E16 B1500/1875 L: 1.1896",
    "E16 END - TrainL: 0.8896, ValAcc: 99.53%, ValL: 0.5279",
    "ZPE: [0.1999, 0.0256, 0.0253, 0.028, 0.033, 0.2]",
    "--- Epoch 17/30 ---",
    "E17 B375/1875 L: 0.5241",
    "E17 B750/1875 L: 1.2404",
    "E17 B1125/1875 L: 1.2856",
    "E17 B1500/1875 L: 1.0924",
    "E17 END - TrainL: 0.8963, ValAcc: 99.53%, ValL: 0.5235",
    "ZPE: [0.1999, 0.0216, 0.0219, 0.0247, 0.0326, 0.2]",
    "--- Epoch 18/30 ---",
    "E18 B375/1875 L: 0.7972",
    "E18 B750/1875 L: 1.3166",
    "E18 B1125/1875 L: 1.0370",
    "E18 B1500/1875 L: 1.4200",
    "E18 END - TrainL: 0.8697, ValAcc: 99.57%, ValL: 0.5326",
    "ZPE: [0.1999, 0.0236, 0.0215, 0.0297, 0.0254, 0.2]",
    "--- Epoch 19/30 ---",
    "E19 B375/1875 L: 0.5676",
    "E19 B750/1875 L: 0.7934",
    "E19 B1125/1875 L: 1.1767",
    "E19 B1500/1875 L: 1.2492",
    "E19 END - TrainL: 0.8752, ValAcc: 99.48%, ValL: 0.5270",
    "ZPE: [0.1999, 0.0217, 0.0211, 0.029, 0.0275, 0.2]",
    "--- Epoch 20/30 ---",
    "E20 B375/1875 L: 0.8562",
    "E20 B750/1875 L: 1.0325",
    "E20 B1125/1875 L: 1.0344",
    "E20 B1500/1875 L: 1.0189",
    "E20 END - TrainL: 0.8550, ValAcc: 99.55%, ValL: 0.5227",
    "ZPE: [0.1999, 0.0204, 0.0198, 0.0315, 0.0262, 0.2]",
    "--- Epoch 21/30 ---",
    "E21 B375/1875 L: 0.9364",
    "E21 B750/1875 L: 1.2858",
    "E21 B1125/1875 L: 0.5953",
    "E21 B1500/1875 L: 0.7115",
    "E21 END - TrainL: 0.8591, ValAcc: 99.57%, ValL: 0.5190",
    "ZPE: [0.1999, 0.0202, 0.0202, 0.027, 0.0252, 0.2]",
    "--- Epoch 22/30 ---",
    "E22 B375/1875 L: 0.5259",
    "E22 B750/1875 L: 0.6317",
    "E22 B1125/1875 L: 1.2555",
    "E22 B1500/1875 L: 0.7311",
    "E22 END - TrainL: 0.8508, ValAcc: 99.66%, ValL: 0.5170",
    "ZPE: [0.1999, 0.0213, 0.0194, 0.0281, 0.0243, 0.2]",
    "--- Epoch 23/30 ---",
    "E23 B375/1875 L: 0.8974",
    "E23 B750/1875 L: 1.1745",
    "E23 B1125/1875 L: 0.5639",
    "E23 B1500/1875 L: 0.6892",
    "E23 END - TrainL: 0.8542, ValAcc: 99.59%, ValL: 0.5157",
    "ZPE: [0.1999, 0.0209, 0.0209, 0.0272, 0.0272, 0.2]",
    "--- Epoch 24/30 ---",
    "E24 B375/1875 L: 0.5258",
    "E24 B750/1875 L: 1.0927",
    "E24 B1125/1875 L: 1.2413",
    "E24 B1500/1875 L: 0.5855",
    "E24 END - TrainL: 0.8414, ValAcc: 99.62%, ValL: 0.5135",
    "ZPE: [0.1999, 0.0209, 0.0205, 0.0253, 0.0258, 0.2]",
    "--- Epoch 25/30 ---",
    "E25 B375/1875 L: 0.5984",
    "E25 B750/1875 L: 0.8568",
    "E25 B1125/1875 L: 1.1056",
    "E25 B1500/1875 L: 1.1136",
    "E25 END - TrainL: 0.8355, ValAcc: 99.63%, ValL: 0.5149",
    "ZPE: [0.1999, 0.0189, 0.0196, 0.0261, 0.0233, 0.2]",
    "--- Epoch 26/30 ---",
    "E26 B375/1875 L: 0.5211",
    "E26 B750/1875 L: 0.7125",
    "E26 B1125/1875 L: 0.7108",
    "E26 B1500/1875 L: 0.8675",
    "E26 END - TrainL: 0.8399, ValAcc: 99.63%, ValL: 0.5139",
    "ZPE: [0.1999, 0.0231, 0.0215, 0.0278, 0.0261, 0.2]",
    "--- Epoch 27/30 ---",
    "E27 B375/1875 L: 1.0224",
    "E27 B750/1875 L: 1.0053",
    "E27 B1125/1875 L: 0.9118",
    "E27 B1500/1875 L: 0.8093",
    "E27 END - TrainL: 0.8385, ValAcc: 99.63%, ValL: 0.5135",
    "ZPE: [0.1999, 0.0186, 0.0187, 0.0244, 0.0227, 0.2]",
    "--- Epoch 28/30 ---",
    "E28 B375/1875 L: 0.5705",
