{
  "job_id": "zpe_job_c03f31a9",
  "status": "completed",
  "current_epoch": 40,
  "total_epochs": 40,
  "accuracy": 99.69,
  "loss": 0.42776060875612326,
  "zpe_effects": [
    0.1998872011899948,
    0.013821220956742764,
    0.014281165786087513,
    0.019885504618287086,
    0.0168317798525095,
    0.19999998807907104
  ],
  "log_messages": [
    "Init job: ZPE-Colab-Sim_hnn_step5",
    "Starting PyTorch training: ZPE-Colab-Sim_hnn_step5",
    "Device: cuda",
    "Setting up MNIST dataset...",
    "DataLoaders created. Train: 1875, Val: 313 batches.",
    "Model & Optimizer initialized.",
    "--- Epoch 1/40 ---",
    "E1 B375/1875 L: 0.8458",
    "E1 B750/1875 L: 1.1723",
    "E1 B1125/1875 L: 0.7466",
    "E1 B1500/1875 L: 1.6683",
    "E1 END - TrainL: 1.1438, ValAcc: 97.64%, ValL: 0.5154",
    "ZPE: [0.1999, 0.1653, 0.104, 0.1439, 0.0389, 0.1987]",
    "--- Epoch 2/40 ---",
    "E2 B375/1875 L: 0.7244",
    "E2 B750/1875 L: 1.0223",
    "E2 B1125/1875 L: 1.0004",
    "E2 B1500/1875 L: 1.3097",
    "E2 END - TrainL: 1.0063, ValAcc: 99.28%, ValL: 0.4597",
    "ZPE: [0.1999, 0.1377, 0.0733, 0.1247, 0.0631, 0.2]",
    "--- Epoch 3/40 ---",
    "E3 B375/1875 L: 1.1038",
    "E3 B750/1875 L: 1.2075",
    "E3 B1125/1875 L: 0.6713",
    "E3 B1500/1875 L: 0.6236",
    "E3 END - TrainL: 0.9917, ValAcc: 99.08%, ValL: 0.4708",
    "ZPE: [0.1999, 0.1147, 0.0745, 0.0803, 0.0544, 0.2]",
    "--- Epoch 4/40 ---",
    "E4 B375/1875 L: 0.5102",
    "E4 B750/1875 L: 0.7147",
    "E4 B1125/1875 L: 1.3650",
    "E4 B1500/1875 L: 1.3472",
    "E4 END - TrainL: 0.9492, ValAcc: 99.15%, ValL: 0.4811",
    "ZPE: [0.1999, 0.0926, 0.0499, 0.073, 0.0396, 0.2]",
    "--- Epoch 5/40 ---",
    "E5 B375/1875 L: 0.5227",
    "E5 B750/1875 L: 0.8400",
    "E5 B1125/1875 L: 1.0691",
    "E5 B1500/1875 L: 0.4759",
    "E5 END - TrainL: 0.9400, ValAcc: 99.22%, ValL: 0.4539",
    "ZPE: [0.1999, 0.0684, 0.0452, 0.0685, 0.0419, 0.2]",
    "--- Epoch 6/40 ---",
    "E6 B375/1875 L: 0.9104",
    "E6 B750/1875 L: 0.9148",
    "E6 B1125/1875 L: 0.4672",
    "E6 B1500/1875 L: 0.5395",
    "E6 END - TrainL: 0.9250, ValAcc: 99.37%, ValL: 0.4581",
    "ZPE: [0.1999, 0.0586, 0.0415, 0.0536, 0.0346, 0.2]",
    "--- Epoch 7/40 ---",
    "E7 B375/1875 L: 1.2703",
    "E7 B750/1875 L: 0.6582",
    "E7 B1125/1875 L: 0.4650",
    "E7 B1500/1875 L: 0.5850",
    "E7 END - TrainL: 0.9014, ValAcc: 99.28%, ValL: 0.4719",
    "ZPE: [0.1999, 0.0521, 0.0344, 0.0648, 0.048, 0.2]",
    "--- Epoch 8/40 ---",
    "E8 B375/1875 L: 1.2098",
    "E8 B750/1875 L: 0.7608",
    "E8 B1125/1875 L: 1.4280",
    "E8 B1500/1875 L: 0.9175",
    "E8 END - TrainL: 0.9044, ValAcc: 99.39%, ValL: 0.4728",
    "ZPE: [0.1999, 0.0428, 0.0331, 0.0472, 0.0444, 0.2]",
    "--- Epoch 9/40 ---",
    "E9 B375/1875 L: 1.3964",
    "E9 B750/1875 L: 1.3731",
    "E9 B1125/1875 L: 0.9755",
    "E9 B1500/1875 L: 0.6477",
    "E9 END - TrainL: 0.8903, ValAcc: 99.34%, ValL: 0.4736",
    "ZPE: [0.1999, 0.041, 0.0318, 0.0444, 0.0344, 0.2]",
    "--- Epoch 10/40 ---",
    "E10 B375/1875 L: 1.1268",
    "E10 B750/1875 L: 0.7009",
    "E10 B1125/1875 L: 0.4940",
    "E10 B1500/1875 L: 0.6158",
    "E10 END - TrainL: 0.8901, ValAcc: 99.40%, ValL: 0.4765",
    "ZPE: [0.1999, 0.0348, 0.028, 0.0496, 0.0376, 0.2]",
    "--- Epoch 11/40 ---",
    "E11 B375/1875 L: 1.3080",
    "E11 B750/1875 L: 0.8956",
    "E11 B1125/1875 L: 1.3267",
    "E11 B1500/1875 L: 0.5700",
    "E11 END - TrainL: 0.8690, ValAcc: 99.43%, ValL: 0.4701",
    "ZPE: [0.1999, 0.0324, 0.0258, 0.0385, 0.0402, 0.2]",
    "--- Epoch 12/40 ---",
    "E12 B375/1875 L: 0.6372",
    "E12 B750/1875 L: 0.9499",
    "E12 B1125/1875 L: 1.1784",
    "E12 B1500/1875 L: 1.1326",
    "E12 END - TrainL: 0.8700, ValAcc: 99.42%, ValL: 0.4643",
    "ZPE: [0.1999, 0.0272, 0.0253, 0.0337, 0.0339, 0.2]",
    "--- Epoch 13/40 ---",
    "E13 B375/1875 L: 0.4710",
    "E13 B750/1875 L: 0.4700",
    "E13 B1125/1875 L: 0.6531",
    "E13 B1500/1875 L: 0.4733",
    "E13 END - TrainL: 0.8542, ValAcc: 99.57%, ValL: 0.4662",
    "ZPE: [0.1999, 0.0274, 0.0222, 0.0359, 0.0253, 0.2]",
    "--- Epoch 14/40 ---",
    "E14 B375/1875 L: 0.5645",
    "E14 B750/1875 L: 0.5414",
    "E14 B1125/1875 L: 0.5525",
    "E14 B1500/1875 L: 0.5556",
    "E14 END - TrainL: 0.8639, ValAcc: 99.42%, ValL: 0.4591",
    "ZPE: [0.1999, 0.0273, 0.0236, 0.0248, 0.0314, 0.2]",
    "--- Epoch 15/40 ---",
    "E15 B375/1875 L: 0.7798",
    "E15 B750/1875 L: 0.4986",
    "E15 B1125/1875 L: 1.2947",
    "E15 B1500/1875 L: 0.5773",
    "E15 END - TrainL: 0.8558, ValAcc: 99.59%, ValL: 0.4545",
    "ZPE: [0.1999, 0.021, 0.0201, 0.0317, 0.0247, 0.2]",
    "--- Epoch 16/40 ---",
    "E16 B375/1875 L: 1.2289",
    "E16 B750/1875 L: 0.7037",
    "E16 B1125/1875 L: 0.9760",
    "E16 B1500/1875 L: 1.0029",
    "E16 END - TrainL: 0.8367, ValAcc: 99.48%, ValL: 0.4448",
    "ZPE: [0.1999, 0.0212, 0.0195, 0.0296, 0.0298, 0.2]",
    "--- Epoch 17/40 ---",
    "E17 B375/1875 L: 1.0654",
    "E17 B750/1875 L: 1.0107",
    "E17 B1125/1875 L: 1.0090",
    "E17 B1500/1875 L: 1.0651",
    "E17 END - TrainL: 0.8363, ValAcc: 99.46%, ValL: 0.4486",
    "ZPE: [0.1999, 0.0191, 0.0182, 0.0327, 0.0267, 0.2]",
    "--- Epoch 18/40 ---",
    "E18 B375/1875 L: 1.1701",
    "E18 B750/1875 L: 1.2781",
    "E18 B1125/1875 L: 0.9121",
    "E18 B1500/1875 L: 1.1148",
    "E18 END - TrainL: 0.8296, ValAcc: 99.49%, ValL: 0.4449",
    "ZPE: [0.1999, 0.0239, 0.0199, 0.0326, 0.0221, 0.2]",
    "--- Epoch 19/40 ---",
    "E19 B375/1875 L: 0.4852",
    "E19 B750/1875 L: 0.8613",
    "E19 B1125/1875 L: 1.2907",
    "E19 B1500/1875 L: 0.7940",
    "E19 END - TrainL: 0.8180, ValAcc: 99.48%, ValL: 0.4398",
    "ZPE: [0.1999, 0.0223, 0.0231, 0.0265, 0.0258, 0.2]",
    "--- Epoch 20/40 ---",
    "E20 B375/1875 L: 0.5761",
    "E20 B750/1875 L: 1.1788",
    "E20 B1125/1875 L: 0.9387",
    "E20 B1500/1875 L: 0.7260",
    "E20 END - TrainL: 0.8151, ValAcc: 99.48%, ValL: 0.4407",
    "ZPE: [0.1999, 0.0209, 0.0191, 0.0319, 0.0225, 0.2]",
    "--- Epoch 21/40 ---",
    "E21 B375/1875 L: 0.4670",
    "E21 B750/1875 L: 0.8335",
    "E21 B1125/1875 L: 0.4652",
    "E21 B1500/1875 L: 0.4757",
    "E21 END - TrainL: 0.8009, ValAcc: 99.38%, ValL: 0.4424",
    "ZPE: [0.1999, 0.0185, 0.017, 0.0268, 0.0192, 0.2]",
    "--- Epoch 22/40 ---",
    "E22 B375/1875 L: 0.7379",
    "E22 B750/1875 L: 0.8667",
    "E22 B1125/1875 L: 0.4836",
    "E22 B1500/1875 L: 0.4902",
    "E22 END - TrainL: 0.8063, ValAcc: 99.62%, ValL: 0.4393",
    "ZPE: [0.1999, 0.0179, 0.0179, 0.0202, 0.0175, 0.2]",
    "--- Epoch 23/40 ---",
    "E23 B375/1875 L: 0.4480",
    "E23 B750/1875 L: 1.0201",
    "E23 B1125/1875 L: 0.5655",
    "E23 B1500/1875 L: 0.6197",
    "E23 END - TrainL: 0.7891, ValAcc: 99.52%, ValL: 0.4397",
    "ZPE: [0.1999, 0.0197, 0.0153, 0.0291, 0.0198, 0.2]",
    "--- Epoch 24/40 ---",
    "E24 B375/1875 L: 0.7037",
    "E24 B750/1875 L: 0.5556",
    "E24 B1125/1875 L: 0.4556",
    "E24 B1500/1875 L: 0.8683",
    "E24 END - TrainL: 0.7793, ValAcc: 99.54%, ValL: 0.4390",
    "ZPE: [0.1999, 0.0207, 0.0173, 0.0226, 0.0193, 0.2]",
    "--- Epoch 25/40 ---",
    "E25 B375/1875 L: 0.8784",
    "E25 B750/1875 L: 0.6341",
    "E25 B1125/1875 L: 0.4927",
    "E25 B1500/1875 L: 0.6486",
    "E25 END - TrainL: 0.7831, ValAcc: 99.56%, ValL: 0.4355",
    "ZPE: [0.1999, 0.0208, 0.0184, 0.0274, 0.0241, 0.2]",
    "--- Epoch 26/40 ---",
    "E26 B375/1875 L: 0.8286",
    "E26 B750/1875 L: 1.0683",
    "E26 B1125/1875 L: 0.4782",
    "E26 B1500/1875 L: 0.6396",
    "E26 END - TrainL: 0.7753, ValAcc: 99.58%, ValL: 0.4311",
    "ZPE: [0.1999, 0.0188, 0.0187, 0.0224, 0.0203, 0.2]",
    "--- Epoch 27/40 ---",
    "E27 B375/1875 L: 0.4293",
    "E27 B750/1875 L: 1.0716",
    "E27 B1125/1875 L: 0.9453",
    "E27 B1500/1875 L: 0.9387",
    "E27 END - TrainL: 0.7827, ValAcc: 99.62%, ValL: 0.4318",
    "ZPE: [0.1999, 0.0154, 0.0154, 0.0233, 0.0208, 0.2]",
    "--- Epoch 28/40 ---",
    "E28 B375/1875 L: 0.4921",
