{
  "job_id": "zpe_job_a554cc1d",
  "status": "completed",
  "current_epoch": 30,
  "total_epochs": 30,
  "accuracy": 99.56,
  "loss": 0.514183080615327,
  "zpe_effects": [
    0.1998872011899948,
    0.014824104495346546,
    0.009168088436126709,
    0.00790343340486288,
    0.012471020221710205,
    0.19999998807907104
  ],
  "log_messages": [
    "Init job: ZPE-QuantumWeaver-V1",
    "Starting PyTorch training: ZPE-QuantumWeaver-V1",
    "Device: cuda",
    "Setting up MNIST dataset...",
    "DataLoaders created. Train: 1875, Val: 313 batches.",
    "Model & Optimizer initialized.",
    "--- Epoch 1/30 ---",
    "E1 B375/1875 L: 1.0065",
    "E1 B750/1875 L: 0.6018",
    "E1 B1125/1875 L: 0.9831",
    "E1 B1500/1875 L: 1.4118",
    "E1 END - TrainL: 1.2183, ValAcc: 98.17%, ValL: 0.6031",
    "ZPE: [0.1999, 0.1924, 0.1102, 0.1331, 0.0457, 0.2]",
    "--- Epoch 2/30 ---",
    "E2 B375/1875 L: 1.5520",
    "E2 B750/1875 L: 1.5969",
    "E2 B1125/1875 L: 1.3608",
    "E2 B1500/1875 L: 0.6055",
    "E2 END - TrainL: 1.0729, ValAcc: 98.89%, ValL: 0.5639",
    "ZPE: [0.1999, 0.1472, 0.0799, 0.0956, 0.0515, 0.2]",
    "--- Epoch 3/30 ---",
    "E3 B375/1875 L: 0.6699",
    "E3 B750/1875 L: 0.7146",
    "E3 B1125/1875 L: 1.5151",
    "E3 B1500/1875 L: 0.8208",
    "E3 END - TrainL: 1.0378, ValAcc: 98.89%, ValL: 0.5593",
    "ZPE: [0.1999, 0.119, 0.0522, 0.0831, 0.0359, 0.2]",
    "--- Epoch 4/30 ---",
    "E4 B375/1875 L: 1.5956",
    "E4 B750/1875 L: 0.6043",
    "E4 B1125/1875 L: 0.6494",
    "E4 B1500/1875 L: 1.4460",
    "E4 END - TrainL: 1.0099, ValAcc: 98.94%, ValL: 0.5692",
    "ZPE: [0.1999, 0.0917, 0.0515, 0.0445, 0.0284, 0.1987]",
    "--- Epoch 5/30 ---",
    "E5 B375/1875 L: 0.9821",
    "E5 B750/1875 L: 1.4235",
    "E5 B1125/1875 L: 0.6056",
    "E5 B1500/1875 L: 0.8028",
    "E5 END - TrainL: 1.0147, ValAcc: 98.96%, ValL: 0.5442",
    "ZPE: [0.1999, 0.0686, 0.0369, 0.0312, 0.023, 0.2]",
    "--- Epoch 6/30 ---",
    "E6 B375/1875 L: 0.8906",
    "E6 B750/1875 L: 0.6955",
    "E6 B1125/1875 L: 0.8773",
    "E6 B1500/1875 L: 0.8016",
    "E6 END - TrainL: 0.9931, ValAcc: 99.18%, ValL: 0.5385",
    "ZPE: [0.1999, 0.0565, 0.0279, 0.0484, 0.0211, 0.2]",
    "--- Epoch 7/30 ---",
    "E7 B375/1875 L: 1.4870",
    "E7 B750/1875 L: 1.2977",
    "E7 B1125/1875 L: 0.9488",
    "E7 B1500/1875 L: 1.1978",
    "E7 END - TrainL: 0.9729, ValAcc: 99.16%, ValL: 0.5547",
    "ZPE: [0.1999, 0.0446, 0.0257, 0.0288, 0.0265, 0.2]",
    "--- Epoch 8/30 ---",
    "E8 B375/1875 L: 1.4667",
    "E8 B750/1875 L: 0.5371",
    "E8 B1125/1875 L: 1.2483",
    "E8 B1500/1875 L: 1.1476",
    "E8 END - TrainL: 0.9651, ValAcc: 98.94%, ValL: 0.5587",
    "ZPE: [0.1999, 0.0394, 0.0235, 0.0288, 0.0198, 0.2]",
    "--- Epoch 9/30 ---",
    "E9 B375/1875 L: 1.3079",
    "E9 B750/1875 L: 1.4035",
    "E9 B1125/1875 L: 1.2164",
    "E9 B1500/1875 L: 0.7014",
    "E9 END - TrainL: 0.9512, ValAcc: 99.30%, ValL: 0.5341",
    "ZPE: [0.1999, 0.031, 0.0163, 0.0209, 0.0215, 0.2]",
    "--- Epoch 10/30 ---",
    "E10 B375/1875 L: 0.5582",
    "E10 B750/1875 L: 0.9094",
    "E10 B1125/1875 L: 1.2770",
    "E10 B1500/1875 L: 0.9110",
    "E10 END - TrainL: 0.9521, ValAcc: 99.39%, ValL: 0.5380",
    "ZPE: [0.1999, 0.0284, 0.0167, 0.0181, 0.0193, 0.2]",
    "--- Epoch 11/30 ---",
    "E11 B375/1875 L: 1.2888",
    "E11 B750/1875 L: 0.8306",
    "E11 B1125/1875 L: 0.6131",
    "E11 B1500/1875 L: 0.8710",
    "E11 END - TrainL: 0.9269, ValAcc: 99.04%, ValL: 0.5439",
    "ZPE: [0.1999, 0.0263, 0.0149, 0.0169, 0.014, 0.2]",
    "--- Epoch 12/30 ---",
    "E12 B375/1875 L: 0.5786",
    "E12 B750/1875 L: 0.6236",
    "E12 B1125/1875 L: 1.0398",
    "E12 B1500/1875 L: 0.7504",
    "E12 END - TrainL: 0.9184, ValAcc: 99.25%, ValL: 0.5356",
    "ZPE: [0.1999, 0.0224, 0.0151, 0.012, 0.0184, 0.2]",
    "--- Epoch 13/30 ---",
    "E13 B375/1875 L: 1.1119",
    "E13 B750/1875 L: 0.8811",
    "E13 B1125/1875 L: 0.5603",
    "E13 B1500/1875 L: 0.6665",
    "E13 END - TrainL: 0.9146, ValAcc: 99.33%, ValL: 0.5321",
    "ZPE: [0.1999, 0.0231, 0.013, 0.0164, 0.019, 0.2]",
    "--- Epoch 14/30 ---",
    "E14 B375/1875 L: 0.8287",
    "E14 B750/1875 L: 1.1758",
    "E14 B1125/1875 L: 1.0724",
    "E14 B1500/1875 L: 0.7028",
    "E14 END - TrainL: 0.9151, ValAcc: 99.41%, ValL: 0.5353",
    "ZPE: [0.1999, 0.0214, 0.0122, 0.0171, 0.0169, 0.2]",
    "--- Epoch 15/30 ---",
    "E15 B375/1875 L: 1.4499",
    "E15 B750/1875 L: 0.5912",
    "E15 B1125/1875 L: 1.2211",
    "E15 B1500/1875 L: 1.2279",
    "E15 END - TrainL: 0.8908, ValAcc: 99.33%, ValL: 0.5322",
    "ZPE: [0.1999, 0.0197, 0.0134, 0.0133, 0.0174, 0.2]",
    "--- Epoch 16/30 ---",
    "E16 B375/1875 L: 0.5626",
    "E16 B750/1875 L: 1.0037",
    "E16 B1125/1875 L: 1.1107",
    "E16 B1500/1875 L: 1.2195",
    "E16 END - TrainL: 0.8973, ValAcc: 99.40%, ValL: 0.5303",
    "ZPE: [0.1999, 0.0194, 0.0131, 0.0101, 0.0159, 0.2]",
    "--- Epoch 17/30 ---",
    "E17 B375/1875 L: 0.8348",
    "E17 B750/1875 L: 1.0215",
    "E17 B1125/1875 L: 0.9893",
    "E17 B1500/1875 L: 0.5927",
    "E17 END - TrainL: 0.8878, ValAcc: 99.48%, ValL: 0.5271",
    "ZPE: [0.1999, 0.0195, 0.0112, 0.012, 0.0152, 0.2]",
    "--- Epoch 18/30 ---",
    "E18 B375/1875 L: 1.2017",
    "E18 B750/1875 L: 1.2939",
    "E18 B1125/1875 L: 0.9181",
    "E18 B1500/1875 L: 0.8683",
    "E18 END - TrainL: 0.8737, ValAcc: 99.45%, ValL: 0.5239",
    "ZPE: [0.1999, 0.0176, 0.0092, 0.0113, 0.0134, 0.2]",
    "--- Epoch 19/30 ---",
    "E19 B375/1875 L: 0.7138",
    "E19 B750/1875 L: 1.2650",
    "E19 B1125/1875 L: 0.6350",
    "E19 B1500/1875 L: 1.0478",
    "E19 END - TrainL: 0.8608, ValAcc: 99.49%, ValL: 0.5201",
    "ZPE: [0.1999, 0.0174, 0.0109, 0.0112, 0.0155, 0.2]",
    "--- Epoch 20/30 ---",
    "E20 B375/1875 L: 1.2201",
    "E20 B750/1875 L: 0.7757",
    "E20 B1125/1875 L: 0.6644",
    "E20 B1500/1875 L: 0.7683",
    "E20 END - TrainL: 0.8580, ValAcc: 99.49%, ValL: 0.5203",
    "ZPE: [0.1999, 0.0139, 0.0087, 0.0094, 0.0133, 0.2]",
    "--- Epoch 21/30 ---",
    "E21 B375/1875 L: 1.0453",
    "E21 B750/1875 L: 0.5505",
    "E21 B1125/1875 L: 0.6208",
    "E21 B1500/1875 L: 0.5765",
    "E21 END - TrainL: 0.8642, ValAcc: 99.48%, ValL: 0.5203",
    "ZPE: [0.1999, 0.0197, 0.0117, 0.01, 0.015, 0.2]",
    "--- Epoch 22/30 ---",
    "E22 B375/1875 L: 0.8057",
    "E22 B750/1875 L: 1.1674",
    "E22 B1125/1875 L: 0.8559",
    "E22 B1500/1875 L: 0.5686",
    "E22 END - TrainL: 0.8426, ValAcc: 99.54%, ValL: 0.5180",
    "ZPE: [0.1999, 0.0147, 0.009, 0.0092, 0.0143, 0.2]",
    "--- Epoch 23/30 ---",
    "E23 B375/1875 L: 0.5162",
    "E23 B750/1875 L: 0.8226",
    "E23 B1125/1875 L: 1.0199",
    "E23 B1500/1875 L: 1.0414",
    "E23 END - TrainL: 0.8433, ValAcc: 99.46%, ValL: 0.5184",
    "ZPE: [0.1999, 0.0193, 0.0114, 0.0105, 0.0161, 0.2]",
    "--- Epoch 24/30 ---",
    "E24 B375/1875 L: 0.9089",
    "E24 B750/1875 L: 0.6181",
    "E24 B1125/1875 L: 0.9466",
    "E24 B1500/1875 L: 1.0892",
    "E24 END - TrainL: 0.8439, ValAcc: 99.50%, ValL: 0.5168",
    "ZPE: [0.1999, 0.0175, 0.0109, 0.0091, 0.0152, 0.2]",
    "--- Epoch 25/30 ---",
    "E25 B375/1875 L: 1.2017",
    "E25 B750/1875 L: 1.0167",
    "E25 B1125/1875 L: 0.9568",
    "E25 B1500/1875 L: 0.5416",
    "E25 END - TrainL: 0.8351, ValAcc: 99.57%, ValL: 0.5152",
    "ZPE: [0.1999, 0.0177, 0.0107, 0.0106, 0.0143, 0.2]",
    "--- Epoch 26/30 ---",
    "E26 B375/1875 L: 1.0542",
    "E26 B750/1875 L: 0.9260",
    "E26 B1125/1875 L: 0.7362",
    "E26 B1500/1875 L: 0.5549",
    "E26 END - TrainL: 0.8306, ValAcc: 99.55%, ValL: 0.5168",
    "ZPE: [0.1999, 0.0157, 0.0104, 0.0084, 0.0135, 0.2]",
    "--- Epoch 27/30 ---",
    "E27 B375/1875 L: 0.7835",
    "E27 B750/1875 L: 0.8161",
    "E27 B1125/1875 L: 0.7542",
    "E27 B1500/1875 L: 0.5507",
    "E27 END - TrainL: 0.8337, ValAcc: 99.55%, ValL: 0.5158",
    "ZPE: [0.1999, 0.0173, 0.0105, 0.009, 0.0137, 0.2]",
    "--- Epoch 28/30 ---",
    "E28 B375/1875 L: 1.1457",
    "E28 B750/1875 L: 1.0123",
