{
  "job_id": "zpe_job_cb0e7af9",
  "status": "completed",
  "current_epoch": 50,
  "total_epochs": 50,
  "accuracy": 99.67,
  "loss": 0.4261175569253989,
  "zpe_effects": [
    0.1998872011899948,
    0.009787929244339466,
    0.011469018645584583,
    0.01810516230762005,
    0.016552185639739037,
    0.19999998807907104
  ],
  "log_messages": [
    "Init job: ZPE-Colab-Sim_hnn_step6",
    "Starting PyTorch training: ZPE-Colab-Sim_hnn_step6",
    "Device: cuda",
    "Setting up MNIST dataset...",
    "DataLoaders created. Train: 1875, Val: 313 batches.",
    "Model & Optimizer initialized.",
    "--- Epoch 1/50 ---",
    "E1 B375/1875 L: 0.7097",
    "E1 B750/1875 L: 1.0358",
    "E1 B1125/1875 L: 0.7481",
    "E1 B1500/1875 L: 0.5768",
    "E1 END - TrainL: 1.1811, ValAcc: 98.35%, ValL: 0.4874",
    "ZPE: [0.1999, 0.1613, 0.0961, 0.1442, 0.0807, 0.2]",
    "--- Epoch 2/50 ---",
    "E2 B375/1875 L: 0.6546",
    "E2 B750/1875 L: 1.3257",
    "E2 B1125/1875 L: 0.8988",
    "E2 B1500/1875 L: 1.2840",
    "E2 END - TrainL: 1.0112, ValAcc: 98.72%, ValL: 0.4854",
    "ZPE: [0.1999, 0.1283, 0.0866, 0.0894, 0.0889, 0.1959]",
    "--- Epoch 3/50 ---",
    "E3 B375/1875 L: 0.5249",
    "E3 B750/1875 L: 0.6716",
    "E3 B1125/1875 L: 0.6084",
    "E3 B1500/1875 L: 0.6436",
    "E3 END - TrainL: 0.9779, ValAcc: 98.98%, ValL: 0.4639",
    "ZPE: [0.1999, 0.1024, 0.0682, 0.0819, 0.0435, 0.2]",
    "--- Epoch 4/50 ---",
    "E4 B375/1875 L: 0.4982",
    "E4 B750/1875 L: 0.5275",
    "E4 B1125/1875 L: 0.5225",
    "E4 B1500/1875 L: 1.5211",
    "E4 END - TrainL: 0.9831, ValAcc: 99.13%, ValL: 0.4910",
    "ZPE: [0.1999, 0.0814, 0.0553, 0.0677, 0.0591, 0.2]",
    "--- Epoch 5/50 ---",
    "E5 B375/1875 L: 1.1131",
    "E5 B750/1875 L: 0.6992",
    "E5 B1125/1875 L: 0.5949",
    "E5 B1500/1875 L: 1.3337",
    "E5 END - TrainL: 0.9444, ValAcc: 99.05%, ValL: 0.4858",
    "ZPE: [0.1999, 0.0697, 0.048, 0.0598, 0.0253, 0.2]",
    "--- Epoch 6/50 ---",
    "E6 B375/1875 L: 1.4948",
    "E6 B750/1875 L: 0.5206",
    "E6 B1125/1875 L: 0.5610",
    "E6 B1500/1875 L: 1.0499",
    "E6 END - TrainL: 0.9298, ValAcc: 98.54%, ValL: 0.5100",
    "ZPE: [0.1999, 0.0546, 0.0449, 0.0569, 0.0312, 0.1983]",
    "--- Epoch 7/50 ---",
    "E7 B375/1875 L: 0.5411",
    "E7 B750/1875 L: 1.1137",
    "E7 B1125/1875 L: 0.7776",
    "E7 B1500/1875 L: 1.0103",
    "E7 END - TrainL: 0.9175, ValAcc: 99.26%, ValL: 0.4592",
    "ZPE: [0.1999, 0.0429, 0.0339, 0.0411, 0.0311, 0.2]",
    "--- Epoch 8/50 ---",
    "E8 B375/1875 L: 0.8802",
    "E8 B750/1875 L: 0.6826",
    "E8 B1125/1875 L: 1.3655",
    "E8 B1500/1875 L: 1.1543",
    "E8 END - TrainL: 0.9307, ValAcc: 99.31%, ValL: 0.4783",
    "ZPE: [0.1999, 0.0412, 0.0312, 0.045, 0.0265, 0.2]",
    "--- Epoch 9/50 ---",
    "E9 B375/1875 L: 1.1338",
    "E9 B750/1875 L: 0.8413",
    "E9 B1125/1875 L: 1.2888",
    "E9 B1500/1875 L: 1.4382",
    "E9 END - TrainL: 0.8913, ValAcc: 99.37%, ValL: 0.4566",
    "ZPE: [0.1999, 0.0323, 0.0278, 0.047, 0.0401, 0.2]",
    "--- Epoch 10/50 ---",
    "E10 B375/1875 L: 0.5594",
    "E10 B750/1875 L: 0.7208",
    "E10 B1125/1875 L: 0.7953",
    "E10 B1500/1875 L: 1.2240",
    "E10 END - TrainL: 0.8935, ValAcc: 99.42%, ValL: 0.4779",
    "ZPE: [0.1999, 0.0323, 0.0266, 0.044, 0.0375, 0.2]",
    "--- Epoch 11/50 ---",
    "E11 B375/1875 L: 1.3431",
    "E11 B750/1875 L: 1.1831",
    "E11 B1125/1875 L: 1.1771",
    "E11 B1500/1875 L: 0.5171",
    "E11 END - TrainL: 0.9022, ValAcc: 99.34%, ValL: 0.4875",
    "ZPE: [0.1999, 0.0323, 0.0254, 0.0443, 0.0395, 0.2]",
    "--- Epoch 12/50 ---",
    "E12 B375/1875 L: 1.3261",
    "E12 B750/1875 L: 1.1409",
    "E12 B1125/1875 L: 0.4711",
    "E12 B1500/1875 L: 0.7575",
    "E12 END - TrainL: 0.8932, ValAcc: 99.26%, ValL: 0.4534",
    "ZPE: [0.1999, 0.0211, 0.0218, 0.0378, 0.0392, 0.2]",
    "--- Epoch 13/50 ---",
    "E13 B375/1875 L: 0.4915",
    "E13 B750/1875 L: 1.1282",
    "E13 B1125/1875 L: 0.7838",
    "E13 B1500/1875 L: 0.5206",
    "E13 END - TrainL: 0.8667, ValAcc: 99.23%, ValL: 0.4691",
    "ZPE: [0.1999, 0.0256, 0.0246, 0.0368, 0.0291, 0.2]",
    "--- Epoch 14/50 ---",
    "E14 B375/1875 L: 0.4674",
    "E14 B750/1875 L: 1.3018",
    "E14 B1125/1875 L: 0.4789",
    "E14 B1500/1875 L: 1.3487",
    "E14 END - TrainL: 0.8615, ValAcc: 99.46%, ValL: 0.4594",
    "ZPE: [0.1999, 0.0207, 0.0168, 0.0265, 0.0338, 0.2]",
    "--- Epoch 15/50 ---",
    "E15 B375/1875 L: 0.4905",
    "E15 B750/1875 L: 0.9455",
    "E15 B1125/1875 L: 1.3656",
    "E15 B1500/1875 L: 0.7313",
    "E15 END - TrainL: 0.8644, ValAcc: 99.48%, ValL: 0.4512",
    "ZPE: [0.1999, 0.0182, 0.0193, 0.0276, 0.0321, 0.2]",
    "--- Epoch 16/50 ---",
    "E16 B375/1875 L: 0.9860",
    "E16 B750/1875 L: 1.0455",
    "E16 B1125/1875 L: 0.4606",
    "E16 B1500/1875 L: 1.0356",
    "E16 END - TrainL: 0.8633, ValAcc: 99.44%, ValL: 0.4548",
    "ZPE: [0.1999, 0.0157, 0.0172, 0.027, 0.0313, 0.2]",
    "--- Epoch 17/50 ---",
    "E17 B375/1875 L: 1.5674",
    "E17 B750/1875 L: 0.9141",
    "E17 B1125/1875 L: 1.1903",
    "E17 B1500/1875 L: 0.9236",
    "E17 END - TrainL: 0.8482, ValAcc: 99.50%, ValL: 0.4560",
    "ZPE: [0.1999, 0.0178, 0.0154, 0.026, 0.0279, 0.2]",
    "--- Epoch 18/50 ---",
    "E18 B375/1875 L: 0.7486",
    "E18 B750/1875 L: 1.1976",
    "E18 B1125/1875 L: 1.4040",
    "E18 B1500/1875 L: 0.5473",
    "E18 END - TrainL: 0.8354, ValAcc: 99.48%, ValL: 0.4409",
    "ZPE: [0.1999, 0.0138, 0.0157, 0.0194, 0.0253, 0.2]",
    "--- Epoch 19/50 ---",
    "E19 B375/1875 L: 0.5702",
    "E19 B750/1875 L: 0.5738",
    "E19 B1125/1875 L: 0.5726",
    "E19 B1500/1875 L: 0.7704",
    "E19 END - TrainL: 0.8480, ValAcc: 99.52%, ValL: 0.4460",
    "ZPE: [0.1999, 0.0143, 0.0126, 0.0264, 0.0195, 0.2]",
    "--- Epoch 20/50 ---",
    "E20 B375/1875 L: 1.3076",
    "E20 B750/1875 L: 0.9008",
    "E20 B1125/1875 L: 0.7245",
    "E20 B1500/1875 L: 1.1692",
    "E20 END - TrainL: 0.8355, ValAcc: 99.47%, ValL: 0.4469",
    "ZPE: [0.1999, 0.0163, 0.0153, 0.0254, 0.025, 0.2]",
    "--- Epoch 21/50 ---",
    "E21 B375/1875 L: 0.9208",
    "E21 B750/1875 L: 0.8348",
    "E21 B1125/1875 L: 0.9569",
    "E21 B1500/1875 L: 0.5240",
    "E21 END - TrainL: 0.8304, ValAcc: 99.61%, ValL: 0.4401",
    "ZPE: [0.1999, 0.0138, 0.0156, 0.0211, 0.0218, 0.2]",
    "--- Epoch 22/50 ---",
    "E22 B375/1875 L: 0.4762",
    "E22 B750/1875 L: 0.8560",
    "E22 B1125/1875 L: 0.7815",
    "E22 B1500/1875 L: 1.0612",
    "E22 END - TrainL: 0.8198, ValAcc: 99.54%, ValL: 0.4402",
    "ZPE: [0.1999, 0.0143, 0.0167, 0.0262, 0.0216, 0.2]",
    "--- Epoch 23/50 ---",
    "E23 B375/1875 L: 0.5793",
    "E23 B750/1875 L: 0.9680",
    "E23 B1125/1875 L: 0.6466",
    "E23 B1500/1875 L: 0.7844",
    "E23 END - TrainL: 0.8124, ValAcc: 99.40%, ValL: 0.4417",
    "ZPE: [0.1999, 0.0106, 0.0141, 0.0222, 0.0165, 0.2]",
    "--- Epoch 24/50 ---",
    "E24 B375/1875 L: 1.1536",
    "E24 B750/1875 L: 0.8335",
    "E24 B1125/1875 L: 0.4501",
    "E24 B1500/1875 L: 0.5488",
    "E24 END - TrainL: 0.8061, ValAcc: 99.47%, ValL: 0.4409",
    "ZPE: [0.1999, 0.0133, 0.0155, 0.0248, 0.0233, 0.2]",
    "--- Epoch 25/50 ---",
    "E25 B375/1875 L: 0.5256",
    "E25 B750/1875 L: 0.7821",
    "E25 B1125/1875 L: 1.2857",
    "E25 B1500/1875 L: 1.3380",
    "E25 END - TrainL: 0.8058, ValAcc: 99.61%, ValL: 0.4342",
    "ZPE: [0.1999, 0.0092, 0.0108, 0.0232, 0.0176, 0.2]",
    "--- Epoch 26/50 ---",
    "E26 B375/1875 L: 0.4711",
    "E26 B750/1875 L: 0.6566",
    "E26 B1125/1875 L: 0.4608",
    "E26 B1500/1875 L: 0.6179",
    "E26 END - TrainL: 0.8061, ValAcc: 99.58%, ValL: 0.4390",
    "ZPE: [0.1999, 0.0128, 0.0128, 0.0186, 0.0194, 0.2]",
    "--- Epoch 27/50 ---",
    "E27 B375/1875 L: 0.5551",
    "E27 B750/1875 L: 0.4628",
    "E27 B1125/1875 L: 0.4584",
    "E27 B1500/1875 L: 0.4719",
    "E27 END - TrainL: 0.7983, ValAcc: 99.49%, ValL: 0.4380",
    "ZPE: [0.1999, 0.0134, 0.0131, 0.0276, 0.0221, 0.2]",
    "--- Epoch 28/50 ---",
    "E28 B375/1875 L: 1.2372",
