{
  "job_id": "zpe_job_dc0d05c3",
  "status": "stopped",
  "current_epoch": 16,
  "total_epochs": 60,
  "accuracy": 99.27,
  "loss": 1.1776564121246338,
  "zpe_effects": [
    0.19999998807907104,
    0.0077072978019714355,
    0.013308596797287464,
    0.02686387300491333,
    0.018412543460726738,
    0.19999998807907104
  ],
  "log_messages": [
    "Init job: ZPE-Colab-Sim_hnn_step8",
    "Starting PyTorch training: ZPE-Colab-Sim_hnn_step8",
    "Device: cuda",
    "Setting up MNIST dataset...",
    "DataLoaders created. Train: 1875, Val: 313 batches.",
    "Model & Optimizer initialized.",
    "--- Epoch 1/60 ---",
    "E1 B375/1875 L: 1.1706",
    "E1 B750/1875 L: 0.9588",
    "E1 B1125/1875 L: 1.6112",
    "E1 B1500/1875 L: 0.8835",
    "E1 END - TrainL: 1.2043, ValAcc: 98.52%, ValL: 0.4865",
    "ZPE: [0.1999, 0.1738, 0.1057, 0.1499, 0.0625, 0.1987]",
    "--- Epoch 2/60 ---",
    "E2 B375/1875 L: 0.7549",
    "E2 B750/1875 L: 1.5957",
    "E2 B1125/1875 L: 1.6230",
    "E2 B1500/1875 L: 1.4743",
    "E2 END - TrainL: 1.0401, ValAcc: 98.86%, ValL: 0.4821",
    "ZPE: [0.1999, 0.118, 0.0737, 0.1053, 0.0514, 0.2]",
    "--- Epoch 3/60 ---",
    "E3 B375/1875 L: 1.0580",
    "E3 B750/1875 L: 1.6578",
    "E3 B1125/1875 L: 1.5198",
    "E3 B1500/1875 L: 0.6495",
    "E3 END - TrainL: 1.0216, ValAcc: 98.82%, ValL: 0.4993",
    "ZPE: [0.1999, 0.088, 0.0547, 0.0945, 0.0532, 0.2]",
    "--- Epoch 4/60 ---",
    "E4 B375/1875 L: 0.5893",
    "E4 B750/1875 L: 1.0546",
    "E4 B1125/1875 L: 0.6053",
    "E4 B1500/1875 L: 0.5076",
    "E4 END - TrainL: 0.9861, ValAcc: 99.04%, ValL: 0.4918",
    "ZPE: [0.1999, 0.0656, 0.0455, 0.0707, 0.0528, 0.2]",
    "--- Epoch 5/60 ---",
    "E5 B375/1875 L: 1.1957",
    "E5 B750/1875 L: 1.4925",
    "E5 B1125/1875 L: 0.6652",
    "E5 B1500/1875 L: 1.4644",
    "E5 END - TrainL: 0.9605, ValAcc: 99.04%, ValL: 0.4893",
    "ZPE: [0.1999, 0.0466, 0.0353, 0.0588, 0.0358, 0.1991]",
    "--- Epoch 6/60 ---",
    "E6 B375/1875 L: 0.4990",
    "E6 B750/1875 L: 0.8881",
    "E6 B1125/1875 L: 0.7815",
    "E6 B1500/1875 L: 1.2432",
    "E6 END - TrainL: 0.9653, ValAcc: 98.96%, ValL: 0.5813",
    "ZPE: [0.1999, 0.0449, 0.0341, 0.0498, 0.0208, 0.1972]",
    "--- Epoch 7/60 ---",
    "E7 B375/1875 L: 0.8302",
    "E7 B750/1875 L: 0.9808",
    "E7 B1125/1875 L: 0.7682",
    "E7 B1500/1875 L: 1.5768",
    "E7 END - TrainL: 0.9330, ValAcc: 99.22%, ValL: 0.4928",
    "ZPE: [0.1999, 0.0311, 0.0306, 0.0385, 0.0278, 0.2]",
    "--- Epoch 8/60 ---",
    "E8 B375/1875 L: 0.6728",
    "E8 B750/1875 L: 0.5067",
    "E8 B1125/1875 L: 1.1370",
    "E8 B1500/1875 L: 0.4865",
    "E8 END - TrainL: 0.9318, ValAcc: 99.34%, ValL: 0.4753",
    "ZPE: [0.1999, 0.0273, 0.0228, 0.0396, 0.0345, 0.2]",
    "--- Epoch 9/60 ---",
    "E9 B375/1875 L: 0.6500",
    "E9 B750/1875 L: 1.2095",
    "E9 B1125/1875 L: 0.6941",
    "E9 B1500/1875 L: 1.3481",
    "E9 END - TrainL: 0.9173, ValAcc: 99.31%, ValL: 0.4851",
    "ZPE: [0.1999, 0.0221, 0.0225, 0.0396, 0.0352, 0.2]",
    "--- Epoch 10/60 ---",
    "E10 B375/1875 L: 0.9028",
    "E10 B750/1875 L: 0.4833",
    "E10 B1125/1875 L: 1.1035",
    "E10 B1500/1875 L: 1.2419",
    "E10 END - TrainL: 0.9201, ValAcc: 99.37%, ValL: 0.4732",
    "ZPE: [0.1999, 0.0171, 0.0194, 0.0297, 0.0299, 0.2]",
    "--- Epoch 11/60 ---",
    "E11 B375/1875 L: 1.3188",
    "E11 B750/1875 L: 0.5735",
    "E11 B1125/1875 L: 0.6542",
    "E11 B1500/1875 L: 0.5771",
    "E11 END - TrainL: 0.8999, ValAcc: 99.30%, ValL: 0.4931",
    "ZPE: [0.1999, 0.0173, 0.0223, 0.0334, 0.0189, 0.2]",
    "--- Epoch 12/60 ---",
    "E12 B375/1875 L: 1.1136",
    "E12 B750/1875 L: 1.7733",
    "E12 B1125/1875 L: 0.7379",
    "E12 B1500/1875 L: 1.3272",
    "E12 END - TrainL: 0.8854, ValAcc: 99.47%, ValL: 0.4651",
    "ZPE: [0.1999, 0.0156, 0.0187, 0.0383, 0.0298, 0.2]",
    "--- Epoch 13/60 ---",
    "E13 B375/1875 L: 0.5119",
    "E13 B750/1875 L: 1.5315",
    "E13 B1125/1875 L: 1.2306",
    "E13 B1500/1875 L: 1.0759",
    "E13 END - TrainL: 0.8872, ValAcc: 99.22%, ValL: 0.4873",
    "ZPE: [0.1999, 0.0133, 0.015, 0.0325, 0.0184, 0.2]",
    "--- Epoch 14/60 ---",
    "E14 B375/1875 L: 1.2335",
    "E14 B750/1875 L: 1.2541",
    "E14 B1125/1875 L: 0.7482",
    "E14 B1500/1875 L: 0.6130",
    "E14 END - TrainL: 0.8832, ValAcc: 99.38%, ValL: 0.4858",
    "ZPE: [0.1999, 0.0119, 0.0147, 0.0272, 0.0252, 0.2]",
    "--- Epoch 15/60 ---",
    "E15 B375/1875 L: 1.3228",
    "E15 B750/1875 L: 1.3020",
    "E15 B1125/1875 L: 0.8738",
    "E15 B1500/1875 L: 1.0829",
    "E15 END - TrainL: 0.8800, ValAcc: 99.27%, ValL: 0.4644",
    "ZPE: [0.1999, 0.0106, 0.0152, 0.0285, 0.0245, 0.2]",
    "--- Epoch 16/60 ---",
    "E16 B375/1875 L: 0.8866",
    "E16 B750/1875 L: 0.5471",
    "E16 B1125/1875 L: 0.9794",
    "E16 B1500/1875 L: 1.1777",
    "Stop request received."
  ],
  "parameters": {
    "totalEpochs": 60,
    "batchSize": 32,
    "learningRate": 0.0013,
    "weightDecay": 1.2567843546879078e-05,
    "momentumParams": [
      0.94,
      0.83,
      0.76,
      0.7,
      0.39,
      0.73
    ],
    "strengthParams": [
      0.17,
      0.52,
      0.38,
      0.57,
      0.34,
      0.41
    ],
    "noiseParams": [
      0.17,
      0.27,
      0.25,
      0.44,
      0.29,
      0.24
    ],
    "couplingParams": [
      0.78,
      0.83,
      0.8,
      0.77,
      0.74,
      0.63
    ],
    "quantumCircuitSize": 32,
    "labelSmoothing": 0.08,
    "quantumMode": true,
    "modelName": "ZPE-Colab-Sim_hnn_step8",
    "baseConfigId": "zpe_job_169cda4c"
  },
  "start_time": "2025-06-06T15:37:39.589403",
  "end_time": null,
  "gpu_info": {
    "id": "0",
    "name": "NVIDIA GeForce RTX 3050 6GB Laptop GPU",
    "utilization_gpu_percent": 0.0,
    "utilization_memory_io_percent": 0.0,
    "memory_total_mb": 6144.0,
    "memory_used_mb": 343.0,
    "memory_free_mb": 5801.0,
    "memory_used_percent": 5.582682291666667,
    "temperature_c": 51.0,
    "power_draw_w": 3.284,
    "fan_speed_percent": null
  }
}