{
  "job_id": "zpe_job_169cda4c",
  "status": "completed",
  "current_epoch": 60,
  "total_epochs": 60,
  "accuracy": 99.74,
  "loss": 0.4268916962436213,
  "zpe_effects": [
    0.1998872011899948,
    0.00721055269241333,
    0.010628068819642067,
    0.014912128448486328,
    0.012024926953017712,
    0.19999998807907104
  ],
  "log_messages": [
    "Init job: ZPE-Colab-Sim_hnn_step7",
    "Starting PyTorch training: ZPE-Colab-Sim_hnn_step7",
    "Device: cuda",
    "Setting up MNIST dataset...",
    "DataLoaders created. Train: 1875, Val: 313 batches.",
    "Model & Optimizer initialized.",
    "--- Epoch 1/60 ---",
    "E1 B375/1875 L: 0.8126",
    "E1 B750/1875 L: 0.8800",
    "E1 B1125/1875 L: 0.7234",
    "E1 B1500/1875 L: 0.6070",
    "E1 END - TrainL: 1.1636, ValAcc: 98.28%, ValL: 0.4983",
    "ZPE: [0.1999, 0.1239, 0.1009, 0.1379, 0.0608, 0.2]",
    "--- Epoch 2/60 ---",
    "E2 B375/1875 L: 0.7073",
    "E2 B750/1875 L: 0.5709",
    "E2 B1125/1875 L: 0.6078",
    "E2 B1500/1875 L: 1.3428",
    "E2 END - TrainL: 1.0233, ValAcc: 98.66%, ValL: 0.4813",
    "ZPE: [0.1999, 0.0977, 0.0774, 0.1141, 0.0487, 0.2]",
    "--- Epoch 3/60 ---",
    "E3 B375/1875 L: 0.7186",
    "E3 B750/1875 L: 0.5624",
    "E3 B1125/1875 L: 0.8912",
    "E3 B1500/1875 L: 0.5383",
    "E3 END - TrainL: 0.9927, ValAcc: 98.94%, ValL: 0.4757",
    "ZPE: [0.1999, 0.0732, 0.072, 0.0724, 0.0376, 0.2]",
    "--- Epoch 4/60 ---",
    "E4 B375/1875 L: 0.9267",
    "E4 B750/1875 L: 0.6807",
    "E4 B1125/1875 L: 1.4410",
    "E4 B1500/1875 L: 0.4981",
    "E4 END - TrainL: 0.9751, ValAcc: 98.88%, ValL: 0.4944",
    "ZPE: [0.1999, 0.0561, 0.0527, 0.0676, 0.0443, 0.1988]",
    "--- Epoch 5/60 ---",
    "E5 B375/1875 L: 0.6216",
    "E5 B750/1875 L: 1.3229",
    "E5 B1125/1875 L: 1.2893",
    "E5 B1500/1875 L: 0.8320",
    "E5 END - TrainL: 0.9463, ValAcc: 99.24%, ValL: 0.5068",
    "ZPE: [0.1999, 0.0475, 0.0426, 0.0726, 0.0557, 0.2]",
    "--- Epoch 6/60 ---",
    "E6 B375/1875 L: 1.1327",
    "E6 B750/1875 L: 1.4410",
    "E6 B1125/1875 L: 0.7599",
    "E6 B1500/1875 L: 1.2948",
    "E6 END - TrainL: 0.9380, ValAcc: 98.93%, ValL: 0.5069",
    "ZPE: [0.1999, 0.0379, 0.0445, 0.0462, 0.0506, 0.2]",
    "--- Epoch 7/60 ---",
    "E7 B375/1875 L: 0.8339",
    "E7 B750/1875 L: 1.4632",
    "E7 B1125/1875 L: 0.8061",
    "E7 B1500/1875 L: 1.0257",
    "E7 END - TrainL: 0.9366, ValAcc: 99.18%, ValL: 0.5353",
    "ZPE: [0.1999, 0.0345, 0.0373, 0.0502, 0.0388, 0.2]",
    "--- Epoch 8/60 ---",
    "E8 B375/1875 L: 0.6722",
    "E8 B750/1875 L: 0.7321",
    "E8 B1125/1875 L: 1.3153",
    "E8 B1500/1875 L: 0.9093",
    "E8 END - TrainL: 0.9081, ValAcc: 99.10%, ValL: 0.5117",
    "ZPE: [0.1999, 0.0293, 0.0306, 0.0413, 0.0481, 0.2]",
    "--- Epoch 9/60 ---",
    "E9 B375/1875 L: 1.2404",
    "E9 B750/1875 L: 1.0564",
    "E9 B1125/1875 L: 0.5011",
    "E9 B1500/1875 L: 0.5171",
    "E9 END - TrainL: 0.8987, ValAcc: 99.43%, ValL: 0.4653",
    "ZPE: [0.1999, 0.0209, 0.0237, 0.0351, 0.0294, 0.2]",
    "--- Epoch 10/60 ---",
    "E10 B375/1875 L: 1.3313",
    "E10 B750/1875 L: 0.5442",
    "E10 B1125/1875 L: 0.5403",
    "E10 B1500/1875 L: 1.1784",
    "E10 END - TrainL: 0.9087, ValAcc: 99.43%, ValL: 0.5087",
    "ZPE: [0.1999, 0.0221, 0.0282, 0.0356, 0.0347, 0.2]",
    "--- Epoch 11/60 ---",
    "E11 B375/1875 L: 0.9559",
    "E11 B750/1875 L: 0.8019",
    "E11 B1125/1875 L: 0.6273",
    "E11 B1500/1875 L: 0.4744",
    "E11 END - TrainL: 0.8868, ValAcc: 99.50%, ValL: 0.4966",
    "ZPE: [0.1999, 0.0166, 0.0216, 0.038, 0.0337, 0.2]",
    "--- Epoch 12/60 ---",
    "E12 B375/1875 L: 1.1671",
    "E12 B750/1875 L: 0.4984",
    "E12 B1125/1875 L: 0.5946",
    "E12 B1500/1875 L: 1.2543",
    "E12 END - TrainL: 0.8771, ValAcc: 99.40%, ValL: 0.4615",
    "ZPE: [0.1999, 0.0157, 0.0193, 0.0363, 0.0301, 0.2]",
    "--- Epoch 13/60 ---",
    "E13 B375/1875 L: 0.7892",
    "E13 B750/1875 L: 0.6064",
    "E13 B1125/1875 L: 0.4549",
    "E13 B1500/1875 L: 0.9098",
    "E13 END - TrainL: 0.8785, ValAcc: 99.33%, ValL: 0.4812",
    "ZPE: [0.1999, 0.0159, 0.0248, 0.0425, 0.0297, 0.2]",
    "--- Epoch 14/60 ---",
    "E14 B375/1875 L: 0.5187",
    "E14 B750/1875 L: 1.0761",
    "E14 B1125/1875 L: 0.7638",
    "E14 B1500/1875 L: 1.2630",
    "E14 END - TrainL: 0.8750, ValAcc: 99.27%, ValL: 0.5554",
    "ZPE: [0.1999, 0.018, 0.0155, 0.028, 0.0259, 0.1942]",
    "--- Epoch 15/60 ---",
    "E15 B375/1875 L: 1.5642",
    "E15 B750/1875 L: 1.2159",
    "E15 B1125/1875 L: 0.9964",
    "E15 B1500/1875 L: 0.4514",
    "E15 END - TrainL: 0.8727, ValAcc: 99.35%, ValL: 0.4641",
    "ZPE: [0.1999, 0.0122, 0.0209, 0.0202, 0.0268, 0.2]",
    "--- Epoch 16/60 ---",
    "E16 B375/1875 L: 0.4418",
    "E16 B750/1875 L: 1.1944",
    "E16 B1125/1875 L: 0.4735",
    "E16 B1500/1875 L: 0.6398",
    "E16 END - TrainL: 0.8627, ValAcc: 99.53%, ValL: 0.4711",
    "ZPE: [0.1999, 0.0148, 0.0225, 0.024, 0.0284, 0.2]",
    "--- Epoch 17/60 ---",
    "E17 B375/1875 L: 0.8895",
    "E17 B750/1875 L: 0.4501",
    "E17 B1125/1875 L: 0.5742",
    "E17 B1500/1875 L: 0.8378",
    "E17 END - TrainL: 0.8539, ValAcc: 99.45%, ValL: 0.4480",
    "ZPE: [0.1999, 0.0098, 0.0179, 0.0261, 0.0243, 0.2]",
    "--- Epoch 18/60 ---",
    "E18 B375/1875 L: 1.2067",
    "E18 B750/1875 L: 0.5815",
    "E18 B1125/1875 L: 0.4513",
    "E18 B1500/1875 L: 0.9947",
    "E18 END - TrainL: 0.8503, ValAcc: 99.50%, ValL: 0.4585",
    "ZPE: [0.1999, 0.0123, 0.0153, 0.0236, 0.0252, 0.2]",
    "--- Epoch 19/60 ---",
    "E19 B375/1875 L: 0.4824",
    "E19 B750/1875 L: 0.4515",
    "E19 B1125/1875 L: 0.4557",
    "E19 B1500/1875 L: 0.8202",
    "E19 END - TrainL: 0.8365, ValAcc: 99.48%, ValL: 0.4433",
    "ZPE: [0.1999, 0.0088, 0.0124, 0.0207, 0.0196, 0.2]",
    "--- Epoch 20/60 ---",
    "E20 B375/1875 L: 0.6025",
    "E20 B750/1875 L: 0.7162",
    "E20 B1125/1875 L: 1.0212",
    "E20 B1500/1875 L: 0.4473",
    "E20 END - TrainL: 0.8398, ValAcc: 99.47%, ValL: 0.4698",
    "ZPE: [0.1999, 0.0136, 0.0157, 0.0246, 0.0202, 0.2]",
    "--- Epoch 21/60 ---",
    "E21 B375/1875 L: 0.4821",
    "E21 B750/1875 L: 0.5499",
    "E21 B1125/1875 L: 1.3057",
    "E21 B1500/1875 L: 0.9554",
    "E21 END - TrainL: 0.8352, ValAcc: 99.38%, ValL: 0.4629",
    "ZPE: [0.1999, 0.0101, 0.0133, 0.0123, 0.0181, 0.2]",
    "--- Epoch 22/60 ---",
    "E22 B375/1875 L: 1.0798",
    "E22 B750/1875 L: 0.7436",
    "E22 B1125/1875 L: 0.6806",
    "E22 B1500/1875 L: 0.5318",
    "E22 END - TrainL: 0.8311, ValAcc: 99.51%, ValL: 0.4560",
    "ZPE: [0.1999, 0.0105, 0.0129, 0.0253, 0.0192, 0.2]",
    "--- Epoch 23/60 ---",
    "E23 B375/1875 L: 0.4383",
    "E23 B750/1875 L: 0.9480",
    "E23 B1125/1875 L: 0.5874",
    "E23 B1500/1875 L: 0.6390",
    "E23 END - TrainL: 0.8249, ValAcc: 99.50%, ValL: 0.4506",
    "ZPE: [0.1999, 0.0113, 0.013, 0.0253, 0.0198, 0.2]",
    "--- Epoch 24/60 ---",
    "E24 B375/1875 L: 0.9324",
    "E24 B750/1875 L: 1.0341",
    "E24 B1125/1875 L: 0.5185",
    "E24 B1500/1875 L: 0.5128",
    "E24 END - TrainL: 0.8206, ValAcc: 99.34%, ValL: 0.4506",
    "ZPE: [0.1999, 0.0099, 0.0154, 0.0256, 0.0237, 0.2]",
    "--- Epoch 25/60 ---",
    "E25 B375/1875 L: 0.5568",
    "E25 B750/1875 L: 1.0595",
    "E25 B1125/1875 L: 0.5239",
    "E25 B1500/1875 L: 0.7100",
    "E25 END - TrainL: 0.8135, ValAcc: 99.56%, ValL: 0.4399",
    "ZPE: [0.1999, 0.0079, 0.0138, 0.0171, 0.0166, 0.2]",
    "--- Epoch 26/60 ---",
    "E26 B375/1875 L: 0.4351",
    "E26 B750/1875 L: 0.4838",
    "E26 B1125/1875 L: 1.1898",
    "E26 B1500/1875 L: 0.4989",
    "E26 END - TrainL: 0.8163, ValAcc: 99.43%, ValL: 0.4508",
    "ZPE: [0.1999, 0.0125, 0.0126, 0.0217, 0.0195, 0.2]",
    "--- Epoch 27/60 ---",
    "E27 B375/1875 L: 0.5942",
    "E27 B750/1875 L: 0.5521",
    "E27 B1125/1875 L: 0.6622",
    "E27 B1500/1875 L: 0.8226",
    "E27 END - TrainL: 0.8053, ValAcc: 99.33%, ValL: 0.4475",
    "ZPE: [0.1999, 0.0083, 0.014, 0.0191, 0.0199, 0.2]",
    "--- Epoch 28/60 ---",
    "E28 B375/1875 L: 0.8539",
