{
  "job_id": "zpe_job_339a6b9b",
  "status": "completed",
  "current_epoch": 30,
  "total_epochs": 30,
  "accuracy": 99.6,
  "loss": 0.5120448382517782,
  "zpe_effects": [
    0.1998872011899948,
    0.02566305361688137,
    0.024096429347991943,
    0.02849416807293892,
    0.028065038844943047,
    0.19999998807907104
  ],
  "log_messages": [
    "Init job: ZPE-Colab-Sim_hnn_step4",
    "Starting PyTorch training: ZPE-Colab-Sim_hnn_step4",
    "Device: cuda",
    "Setting up MNIST dataset...",
    "DataLoaders created. Train: 1875, Val: 313 batches.",
    "Model & Optimizer initialized.",
    "--- Epoch 1/30 ---",
    "E1 B375/1875 L: 0.6355",
    "E1 B750/1875 L: 1.5297",
    "E1 B1125/1875 L: 1.6595",
    "E1 B1500/1875 L: 1.0100",
    "E1 END - TrainL: 1.1996, ValAcc: 98.49%, ValL: 0.5855",
    "ZPE: [0.1999, 0.1751, 0.1254, 0.141, 0.1198, 0.2]",
    "--- Epoch 2/30 ---",
    "E2 B375/1875 L: 0.8321",
    "E2 B750/1875 L: 0.7193",
    "E2 B1125/1875 L: 1.1029",
    "E2 B1500/1875 L: 1.3482",
    "E2 END - TrainL: 1.0664, ValAcc: 98.82%, ValL: 0.5554",
    "ZPE: [0.1999, 0.1336, 0.0872, 0.0977, 0.0507, 0.2]",
    "--- Epoch 3/30 ---",
    "E3 B375/1875 L: 0.9561",
    "E3 B750/1875 L: 1.0856",
    "E3 B1125/1875 L: 1.5315",
    "E3 B1500/1875 L: 0.7227",
    "E3 END - TrainL: 1.0427, ValAcc: 98.90%, ValL: 0.5944",
    "ZPE: [0.1999, 0.1141, 0.0689, 0.0874, 0.0463, 0.2]",
    "--- Epoch 4/30 ---",
    "E4 B375/1875 L: 0.6977",
    "E4 B750/1875 L: 1.0354",
    "E4 B1125/1875 L: 0.5828",
    "E4 B1500/1875 L: 0.6318",
    "E4 END - TrainL: 1.0201, ValAcc: 99.01%, ValL: 0.5464",
    "ZPE: [0.1999, 0.0904, 0.0573, 0.0586, 0.061, 0.2]",
    "--- Epoch 5/30 ---",
    "E5 B375/1875 L: 0.9300",
    "E5 B750/1875 L: 1.5260",
    "E5 B1125/1875 L: 0.7025",
    "E5 B1500/1875 L: 0.7638",
    "E5 END - TrainL: 0.9913, ValAcc: 99.25%, ValL: 0.5380",
    "ZPE: [0.1999, 0.0732, 0.0511, 0.055, 0.0551, 0.2]",
    "--- Epoch 6/30 ---",
    "E6 B375/1875 L: 1.0163",
    "E6 B750/1875 L: 1.4452",
    "E6 B1125/1875 L: 0.9219",
    "E6 B1500/1875 L: 1.3406",
    "E6 END - TrainL: 0.9978, ValAcc: 99.44%, ValL: 0.5509",
    "ZPE: [0.1999, 0.063, 0.0427, 0.0674, 0.0384, 0.2]",
    "--- Epoch 7/30 ---",
    "E7 B375/1875 L: 0.8296",
    "E7 B750/1875 L: 1.2159",
    "E7 B1125/1875 L: 0.7754",
    "E7 B1500/1875 L: 1.2358",
    "E7 END - TrainL: 0.9748, ValAcc: 99.37%, ValL: 0.5748",
    "ZPE: [0.1999, 0.0503, 0.0391, 0.0489, 0.0339, 0.2]",
    "--- Epoch 8/30 ---",
    "E8 B375/1875 L: 1.3066",
    "E8 B750/1875 L: 0.5844",
    "E8 B1125/1875 L: 1.0689",
    "E8 B1500/1875 L: 0.6352",
    "E8 END - TrainL: 0.9645, ValAcc: 99.36%, ValL: 0.5672",
    "ZPE: [0.1999, 0.0442, 0.0364, 0.045, 0.0292, 0.2]",
    "--- Epoch 9/30 ---",
    "E9 B375/1875 L: 1.2064",
    "E9 B750/1875 L: 0.5468",
    "E9 B1125/1875 L: 0.8448",
    "E9 B1500/1875 L: 0.5667",
    "E9 END - TrainL: 0.9461, ValAcc: 99.12%, ValL: 0.5534",
    "ZPE: [0.1999, 0.0388, 0.034, 0.0391, 0.0327, 0.2]",
    "--- Epoch 10/30 ---",
    "E10 B375/1875 L: 0.8325",
    "E10 B750/1875 L: 1.1500",
    "E10 B1125/1875 L: 0.8459",
    "E10 B1500/1875 L: 0.8324",
    "E10 END - TrainL: 0.9442, ValAcc: 99.30%, ValL: 0.5364",
    "ZPE: [0.1999, 0.0323, 0.032, 0.0381, 0.0332, 0.2]",
    "--- Epoch 11/30 ---",
    "E11 B375/1875 L: 0.7398",
    "E11 B750/1875 L: 0.5619",
    "E11 B1125/1875 L: 1.0429",
    "E11 B1500/1875 L: 0.5428",
    "E11 END - TrainL: 0.9415, ValAcc: 99.44%, ValL: 0.5548",
    "ZPE: [0.1999, 0.035, 0.0331, 0.0351, 0.0383, 0.2]",
    "--- Epoch 12/30 ---",
    "E12 B375/1875 L: 0.7186",
    "E12 B750/1875 L: 0.5611",
    "E12 B1125/1875 L: 0.8695",
    "E12 B1500/1875 L: 1.1408",
    "E12 END - TrainL: 0.9249, ValAcc: 99.28%, ValL: 0.5501",
    "ZPE: [0.1999, 0.0312, 0.0252, 0.0368, 0.0289, 0.2]",
    "--- Epoch 13/30 ---",
    "E13 B375/1875 L: 0.6302",
    "E13 B750/1875 L: 0.9048",
    "E13 B1125/1875 L: 0.6590",
    "E13 B1500/1875 L: 0.8333",
    "E13 END - TrainL: 0.9170, ValAcc: 99.34%, ValL: 0.5413",
    "ZPE: [0.1999, 0.0275, 0.0267, 0.0349, 0.0395, 0.2]",
    "--- Epoch 14/30 ---",
    "E14 B375/1875 L: 0.7665",
    "E14 B750/1875 L: 1.1268",
    "E14 B1125/1875 L: 1.1052",
    "E14 B1500/1875 L: 1.2162",
    "E14 END - TrainL: 0.9007, ValAcc: 99.51%, ValL: 0.5368",
    "ZPE: [0.1999, 0.0282, 0.0264, 0.0294, 0.0263, 0.2]",
    "--- Epoch 15/30 ---",
    "E15 B375/1875 L: 1.3783",
    "E15 B750/1875 L: 1.3060",
    "E15 B1125/1875 L: 0.9257",
    "E15 B1500/1875 L: 0.5922",
    "E15 END - TrainL: 0.9036, ValAcc: 99.52%, ValL: 0.5271",
    "ZPE: [0.1999, 0.0242, 0.0236, 0.0292, 0.0282, 0.2]",
    "--- Epoch 16/30 ---",
    "E16 B375/1875 L: 1.1544",
    "E16 B750/1875 L: 1.4277",
    "E16 B1125/1875 L: 1.1971",
    "E16 B1500/1875 L: 0.9263",
    "E16 END - TrainL: 0.8867, ValAcc: 99.48%, ValL: 0.5319",
    "ZPE: [0.1999, 0.023, 0.0235, 0.0353, 0.025, 0.2]",
    "--- Epoch 17/30 ---",
    "E17 B375/1875 L: 1.2045",
    "E17 B750/1875 L: 0.5781",
    "E17 B1125/1875 L: 0.9010",
    "E17 B1500/1875 L: 1.1613",
    "E17 END - TrainL: 0.8905, ValAcc: 99.45%, ValL: 0.5230",
    "ZPE: [0.1999, 0.0215, 0.0213, 0.0268, 0.0311, 0.2]",
    "--- Epoch 18/30 ---",
    "E18 B375/1875 L: 1.3555",
    "E18 B750/1875 L: 0.8988",
    "E18 B1125/1875 L: 0.6533",
    "E18 B1500/1875 L: 0.7774",
    "E18 END - TrainL: 0.8866, ValAcc: 99.61%, ValL: 0.5305",
    "ZPE: [0.1999, 0.0243, 0.0223, 0.0299, 0.0248, 0.2]",
    "--- Epoch 19/30 ---",
    "E19 B375/1875 L: 0.8853",
    "E19 B750/1875 L: 0.7511",
    "E19 B1125/1875 L: 1.2467",
    "E19 B1500/1875 L: 0.5152",
    "E19 END - TrainL: 0.8677, ValAcc: 99.58%, ValL: 0.5219",
    "ZPE: [0.1999, 0.0223, 0.0215, 0.0232, 0.025, 0.2]",
    "--- Epoch 20/30 ---",
    "E20 B375/1875 L: 0.6861",
    "E20 B750/1875 L: 0.7202",
    "E20 B1125/1875 L: 0.6046",
    "E20 B1500/1875 L: 0.6369",
    "E20 END - TrainL: 0.8547, ValAcc: 99.53%, ValL: 0.5196",
    "ZPE: [0.1999, 0.0242, 0.0232, 0.0312, 0.0275, 0.2]",
    "--- Epoch 21/30 ---",
    "E21 B375/1875 L: 1.0718",
    "E21 B750/1875 L: 0.8245",
    "E21 B1125/1875 L: 0.7735",
    "E21 B1500/1875 L: 0.5165",
    "E21 END - TrainL: 0.8654, ValAcc: 99.59%, ValL: 0.5183",
    "ZPE: [0.1999, 0.0237, 0.0234, 0.0277, 0.0253, 0.2]",
    "--- Epoch 22/30 ---",
    "E22 B375/1875 L: 0.9162",
    "E22 B750/1875 L: 0.8732",
    "E22 B1125/1875 L: 0.9733",
    "E22 B1500/1875 L: 0.5177",
    "E22 END - TrainL: 0.8572, ValAcc: 99.58%, ValL: 0.5214",
    "ZPE: [0.1999, 0.0248, 0.0231, 0.0272, 0.0296, 0.2]",
    "--- Epoch 23/30 ---",
    "E23 B375/1875 L: 1.0630",
    "E23 B750/1875 L: 0.5240",
    "E23 B1125/1875 L: 0.5132",
    "E23 B1500/1875 L: 1.1416",
    "E23 END - TrainL: 0.8482, ValAcc: 99.53%, ValL: 0.5140",
    "ZPE: [0.1999, 0.0217, 0.0203, 0.026, 0.0315, 0.2]",
    "--- Epoch 24/30 ---",
    "E24 B375/1875 L: 1.3075",
    "E24 B750/1875 L: 1.2434",
    "E24 B1125/1875 L: 0.9236",
    "E24 B1500/1875 L: 1.1124",
    "E24 END - TrainL: 0.8415, ValAcc: 99.58%, ValL: 0.5151",
    "ZPE: [0.1999, 0.0213, 0.0218, 0.0259, 0.0281, 0.2]",
    "--- Epoch 25/30 ---",
    "E25 B375/1875 L: 0.8137",
    "E25 B750/1875 L: 0.6395",
    "E25 B1125/1875 L: 0.5916",
    "E25 B1500/1875 L: 0.5335",
    "E25 END - TrainL: 0.8429, ValAcc: 99.61%, ValL: 0.5139",
    "ZPE: [0.1999, 0.0202, 0.0204, 0.0269, 0.026, 0.2]",
    "--- Epoch 26/30 ---",
    "E26 B375/1875 L: 1.1083",
    "E26 B750/1875 L: 1.3894",
    "E26 B1125/1875 L: 0.5168",
    "E26 B1500/1875 L: 0.5919",
    "E26 END - TrainL: 0.8394, ValAcc: 99.61%, ValL: 0.5129",
    "ZPE: [0.1999, 0.0226, 0.0218, 0.0293, 0.0271, 0.2]",
    "--- Epoch 27/30 ---",
    "E27 B375/1875 L: 0.8402",
    "E27 B750/1875 L: 0.6782",
    "E27 B1125/1875 L: 0.7921",
    "E27 B1500/1875 L: 1.1693",
    "E27 END - TrainL: 0.8383, ValAcc: 99.62%, ValL: 0.5125",
    "ZPE: [0.1999, 0.0212, 0.0207, 0.0271, 0.0269, 0.2]",
    "--- Epoch 28/30 ---",
    "E28 B375/1875 L: 0.5512",
    "E28 B750/1875 L: 1.2952",
