{
  "job_id": "zpe_job_69d15cbc",
  "status": "completed",
  "current_epoch": 40,
  "total_epochs": 40,
  "accuracy": 99.59,
  "loss": 0.5118215272601802,
  "zpe_effects": [
    0.1998872011899948,
    0.01699930429458618,
    0.015959465876221657,
    0.02142547443509102,
    0.02233107201755047,
    0.19999998807907104
  ],
  "log_messages": [
    "Init job: AI_Advised_Model_0313",
    "Starting PyTorch training: AI_Advised_Model_0313",
    "Device: cuda",
    "Setting up MNIST dataset...",
    "DataLoaders created. Train: 1875, Val: 313 batches.",
    "Model & Optimizer initialized.",
    "--- Epoch 1/40 ---",
    "E1 B375/1875 L: 0.7550",
    "E1 B750/1875 L: 1.2173",
    "E1 B1125/1875 L: 0.7294",
    "E1 B1500/1875 L: 0.9856",
    "E1 END - TrainL: 1.1919, ValAcc: 98.37%, ValL: 0.5830",
    "ZPE: [0.1999, 0.1619, 0.117, 0.1419, 0.0795, 0.2]",
    "--- Epoch 2/40 ---",
    "E2 B375/1875 L: 0.5896",
    "E2 B750/1875 L: 1.2825",
    "E2 B1125/1875 L: 0.8238",
    "E2 B1500/1875 L: 1.4990",
    "E2 END - TrainL: 1.0615, ValAcc: 98.68%, ValL: 0.5563",
    "ZPE: [0.1999, 0.1325, 0.0965, 0.0968, 0.0714, 0.2]",
    "--- Epoch 3/40 ---",
    "E3 B375/1875 L: 1.5304",
    "E3 B750/1875 L: 0.6072",
    "E3 B1125/1875 L: 0.9215",
    "E3 B1500/1875 L: 1.6059",
    "E3 END - TrainL: 1.0582, ValAcc: 99.15%, ValL: 0.5446",
    "ZPE: [0.1999, 0.1124, 0.0745, 0.0867, 0.067, 0.2]",
    "--- Epoch 4/40 ---",
    "E4 B375/1875 L: 1.4553",
    "E4 B750/1875 L: 0.8996",
    "E4 B1125/1875 L: 1.2828",
    "E4 B1500/1875 L: 0.9799",
    "E4 END - TrainL: 1.0211, ValAcc: 99.04%, ValL: 0.5930",
    "ZPE: [0.1999, 0.09, 0.0624, 0.0705, 0.0521, 0.2]",
    "--- Epoch 5/40 ---",
    "E5 B375/1875 L: 0.8527",
    "E5 B750/1875 L: 1.3320",
    "E5 B1125/1875 L: 1.5171",
    "E5 B1500/1875 L: 1.3928",
    "E5 END - TrainL: 0.9958, ValAcc: 99.23%, ValL: 0.5535",
    "ZPE: [0.1999, 0.0702, 0.0494, 0.0555, 0.0481, 0.2]",
    "--- Epoch 6/40 ---",
    "E6 B375/1875 L: 1.2743",
    "E6 B750/1875 L: 1.2317",
    "E6 B1125/1875 L: 0.5597",
    "E6 B1500/1875 L: 1.0075",
    "E6 END - TrainL: 0.9972, ValAcc: 99.31%, ValL: 0.5379",
    "ZPE: [0.1999, 0.0575, 0.0393, 0.0522, 0.0469, 0.2]",
    "--- Epoch 7/40 ---",
    "E7 B375/1875 L: 0.6888",
    "E7 B750/1875 L: 1.3334",
    "E7 B1125/1875 L: 0.7008",
    "E7 B1500/1875 L: 1.4597",
    "E7 END - TrainL: 0.9699, ValAcc: 99.29%, ValL: 0.5538",
    "ZPE: [0.1999, 0.0474, 0.0314, 0.0422, 0.0419, 0.2]",
    "--- Epoch 8/40 ---",
    "E8 B375/1875 L: 1.4450",
    "E8 B750/1875 L: 1.2724",
    "E8 B1125/1875 L: 1.0122",
    "E8 B1500/1875 L: 1.3564",
    "E8 END - TrainL: 0.9640, ValAcc: 99.10%, ValL: 0.5722",
    "ZPE: [0.1999, 0.0429, 0.0376, 0.0433, 0.0316, 0.2]",
    "--- Epoch 9/40 ---",
    "E9 B375/1875 L: 0.9430",
    "E9 B750/1875 L: 1.5311",
    "E9 B1125/1875 L: 1.1285",
    "E9 B1500/1875 L: 1.3151",
    "E9 END - TrainL: 0.9645, ValAcc: 99.42%, ValL: 0.5467",
    "ZPE: [0.1999, 0.0346, 0.0348, 0.0422, 0.0439, 0.2]",
    "--- Epoch 10/40 ---",
    "E10 B375/1875 L: 1.0048",
    "E10 B750/1875 L: 0.8507",
    "E10 B1125/1875 L: 0.7853",
    "E10 B1500/1875 L: 0.5275",
    "E10 END - TrainL: 0.9487, ValAcc: 99.39%, ValL: 0.5479",
    "ZPE: [0.1999, 0.0334, 0.0252, 0.0393, 0.0329, 0.2]",
    "--- Epoch 11/40 ---",
    "E11 B375/1875 L: 1.4038",
    "E11 B750/1875 L: 0.6308",
    "E11 B1125/1875 L: 1.0872",
    "E11 B1500/1875 L: 0.8843",
    "E11 END - TrainL: 0.9406, ValAcc: 99.50%, ValL: 0.5497",
    "ZPE: [0.1999, 0.0342, 0.031, 0.0358, 0.0469, 0.2]",
    "--- Epoch 12/40 ---",
    "E12 B375/1875 L: 1.3910",
    "E12 B750/1875 L: 0.9774",
    "E12 B1125/1875 L: 1.1511",
    "E12 B1500/1875 L: 1.0217",
    "E12 END - TrainL: 0.9343, ValAcc: 99.28%, ValL: 0.5455",
    "ZPE: [0.1999, 0.0262, 0.0191, 0.0432, 0.0361, 0.2]",
    "--- Epoch 13/40 ---",
    "E13 B375/1875 L: 1.2540",
    "E13 B750/1875 L: 1.3228",
    "E13 B1125/1875 L: 1.3760",
    "E13 B1500/1875 L: 1.4785",
    "E13 END - TrainL: 0.9233, ValAcc: 99.39%, ValL: 0.5613",
    "ZPE: [0.1999, 0.0264, 0.0228, 0.0324, 0.0374, 0.2]",
    "--- Epoch 14/40 ---",
    "E14 B375/1875 L: 1.2871",
    "E14 B750/1875 L: 1.2150",
    "E14 B1125/1875 L: 1.0834",
    "E14 B1500/1875 L: 0.6741",
    "E14 END - TrainL: 0.9154, ValAcc: 99.33%, ValL: 0.5815",
    "ZPE: [0.1999, 0.027, 0.0248, 0.0263, 0.0246, 0.2]",
    "--- Epoch 15/40 ---",
    "E15 B375/1875 L: 0.5293",
    "E15 B750/1875 L: 1.2171",
    "E15 B1125/1875 L: 0.7654",
    "E15 B1500/1875 L: 0.6163",
    "E15 END - TrainL: 0.8999, ValAcc: 99.43%, ValL: 0.5327",
    "ZPE: [0.1999, 0.0212, 0.0207, 0.0345, 0.0312, 0.2]",
    "--- Epoch 16/40 ---",
    "E16 B375/1875 L: 1.1862",
    "E16 B750/1875 L: 0.9234",
    "E16 B1125/1875 L: 0.6434",
    "E16 B1500/1875 L: 0.9255",
    "E16 END - TrainL: 0.9057, ValAcc: 99.33%, ValL: 0.5338",
    "ZPE: [0.1999, 0.021, 0.0157, 0.0318, 0.0281, 0.2]",
    "--- Epoch 17/40 ---",
    "E17 B375/1875 L: 1.3512",
    "E17 B750/1875 L: 0.6830",
    "E17 B1125/1875 L: 0.7691",
    "E17 B1500/1875 L: 1.0785",
    "E17 END - TrainL: 0.8981, ValAcc: 99.46%, ValL: 0.5305",
    "ZPE: [0.1999, 0.0231, 0.0208, 0.0315, 0.0282, 0.2]",
    "--- Epoch 18/40 ---",
    "E18 B375/1875 L: 1.3032",
    "E18 B750/1875 L: 1.3032",
    "E18 B1125/1875 L: 0.6050",
    "E18 B1500/1875 L: 0.5244",
    "E18 END - TrainL: 0.8816, ValAcc: 99.48%, ValL: 0.5228",
    "ZPE: [0.1999, 0.0214, 0.0177, 0.0242, 0.0293, 0.2]",
    "--- Epoch 19/40 ---",
    "E19 B375/1875 L: 0.7727",
    "E19 B750/1875 L: 0.8097",
    "E19 B1125/1875 L: 1.2280",
    "E19 B1500/1875 L: 0.6414",
    "E19 END - TrainL: 0.8798, ValAcc: 99.45%, ValL: 0.5182",
    "ZPE: [0.1999, 0.0152, 0.0175, 0.024, 0.0291, 0.2]",
    "--- Epoch 20/40 ---",
    "E20 B375/1875 L: 0.9687",
    "E20 B750/1875 L: 1.0687",
    "E20 B1125/1875 L: 1.0363",
    "E20 B1500/1875 L: 0.6431",
    "E20 END - TrainL: 0.8796, ValAcc: 99.45%, ValL: 0.5288",
    "ZPE: [0.1999, 0.0211, 0.0187, 0.0239, 0.0253, 0.2]",
    "--- Epoch 21/40 ---",
    "E21 B375/1875 L: 1.1653",
    "E21 B750/1875 L: 1.0251",
    "E21 B1125/1875 L: 0.5505",
    "E21 B1500/1875 L: 1.2175",
    "E21 END - TrainL: 0.8772, ValAcc: 99.43%, ValL: 0.5225",
    "ZPE: [0.1999, 0.0176, 0.0204, 0.0247, 0.0244, 0.2]",
    "--- Epoch 22/40 ---",
    "E22 B375/1875 L: 1.2579",
    "E22 B750/1875 L: 0.7323",
    "E22 B1125/1875 L: 0.5748",
    "E22 B1500/1875 L: 1.2383",
    "E22 END - TrainL: 0.8700, ValAcc: 99.55%, ValL: 0.5204",
    "ZPE: [0.1999, 0.0194, 0.0184, 0.0277, 0.0222, 0.2]",
    "--- Epoch 23/40 ---",
    "E23 B375/1875 L: 0.5873",
    "E23 B750/1875 L: 0.8867",
    "E23 B1125/1875 L: 0.8224",
    "E23 B1500/1875 L: 1.3055",
    "E23 END - TrainL: 0.8641, ValAcc: 99.56%, ValL: 0.5278",
    "ZPE: [0.1999, 0.0145, 0.0154, 0.0245, 0.019, 0.2]",
    "--- Epoch 24/40 ---",
    "E24 B375/1875 L: 1.0827",
    "E24 B750/1875 L: 1.0041",
    "E24 B1125/1875 L: 0.7870",
    "E24 B1500/1875 L: 0.8756",
    "E24 END - TrainL: 0.8637, ValAcc: 99.52%, ValL: 0.5192",
    "ZPE: [0.1999, 0.0161, 0.016, 0.0233, 0.0264, 0.2]",
    "--- Epoch 25/40 ---",
    "E25 B375/1875 L: 0.5226",
    "E25 B750/1875 L: 0.5498",
    "E25 B1125/1875 L: 0.5938",
    "E25 B1500/1875 L: 0.7389",
    "E25 END - TrainL: 0.8507, ValAcc: 99.48%, ValL: 0.5172",
    "ZPE: [0.1999, 0.0136, 0.0137, 0.0219, 0.0204, 0.2]",
    "--- Epoch 26/40 ---",
    "E26 B375/1875 L: 1.3182",
    "E26 B750/1875 L: 0.5495",
    "E26 B1125/1875 L: 1.1536",
    "E26 B1500/1875 L: 0.7198",
    "E26 END - TrainL: 0.8461, ValAcc: 99.53%, ValL: 0.5153",
    "ZPE: [0.1999, 0.0143, 0.0152, 0.0228, 0.0206, 0.2]",
    "--- Epoch 27/40 ---",
    "E27 B375/1875 L: 0.8155",
    "E27 B750/1875 L: 1.0347",
    "E27 B1125/1875 L: 0.5877",
    "E27 B1500/1875 L: 1.4431",
    "E27 END - TrainL: 0.8460, ValAcc: 99.56%, ValL: 0.5169",
    "ZPE: [0.1999, 0.019, 0.0192, 0.0229, 0.0247, 0.2]",
    "--- Epoch 28/40 ---",
    "E28 B375/1875 L: 1.1540",
    "E28 B750/1875 L: 0.5143",
