{
  "job_id": "zpe_job_db411991",
  "status": "stopped",
  "current_epoch": 5,
  "zpe_history": [
    {
      "epoch": 1,
      "zpe_effects": [
        0.1998872011899948,
        0.13539931178092957,
        0.09788701683282852,
        0.12556180357933044,
        0.08508099615573883,
        0.19999998807907104
      ]
    },
    {
      "epoch": 2,
      "zpe_effects": [
        0.1998872011899948,
        0.10075681656599045,
        0.07391314953565598,
        0.09157156944274902,
        0.0806092768907547,
        0.1913580298423767
      ]
    },
    {
      "epoch": 3,
      "zpe_effects": [
        0.1998872011899948,
        0.06562989205121994,
        0.05238736793398857,
        0.06871066242456436,
        0.04919102415442467,
        0.19999998807907104
      ]
    },
    {
      "epoch": 4,
      "zpe_effects": [
        0.1998872011899948,
        0.05420346185564995,
        0.046380508691072464,
        0.07158412784337997,
        0.04769041761755943,
        0.18866418302059174
      ]
    }
  ],
  "total_epochs": 60,
  "accuracy": 99.01,
  "loss": 0.5665081739425659,
  "zpe_effects": [
    0.19999998807907104,
    0.03608432039618492,
    0.031074320897459984,
    0.05935266241431236,
    0.028826117515563965,
    0.19999998807907104
  ],
  "log_messages": [
    "Init job: ZPE-Colab-Sim_hnn_step8",
    "Starting PyTorch training: ZPE-Colab-Sim_hnn_step8",
    "Device: cuda",
    "Setting up MNIST dataset...",
    "DataLoaders created. Train: 1875, Val: 313 batches.",
    "Model & Optimizer initialized.",
    "No previous weights found for baseConfigId zpe_job_875b11e7, starting fresh.",
    "--- Epoch 1/60 ---",
    "E1 B375/1875 L: 1.8139",
    "E1 B750/1875 L: 1.2069",
    "E1 B1125/1875 L: 0.8148",
    "E1 B1500/1875 L: 0.5767",
    "E1 END - TrainL: 1.2113, ValAcc: 98.36%, ValL: 0.5009",
    "ZPE: ['0.1999', '0.1354', '0.0979', '0.1256', '0.0851', '0.2000']",
    "--- Epoch 2/60 ---",
    "E2 B375/1875 L: 0.7188",
    "E2 B750/1875 L: 0.7220",
    "E2 B1125/1875 L: 0.6850",
    "E2 B1500/1875 L: 1.3130",
    "E2 END - TrainL: 1.0382, ValAcc: 98.02%, ValL: 0.5131",
    "ZPE: ['0.1999', '0.1008', '0.0739', '0.0916', '0.0806', '0.1914']",
    "--- Epoch 3/60 ---",
    "E3 B375/1875 L: 0.8502",
    "E3 B750/1875 L: 1.3904",
    "E3 B1125/1875 L: 1.3687",
    "E3 B1500/1875 L: 0.6191",
    "E3 END - TrainL: 1.0037, ValAcc: 99.03%, ValL: 0.4683",
    "ZPE: ['0.1999', '0.0656', '0.0524', '0.0687', '0.0492', '0.2000']",
    "--- Epoch 4/60 ---",
    "E4 B375/1875 L: 0.7737",
    "E4 B750/1875 L: 1.2207",
    "E4 B1125/1875 L: 0.5857",
    "E4 B1500/1875 L: 0.5404",
    "E4 END - TrainL: 0.9793, ValAcc: 99.01%, ValL: 0.5330",
    "ZPE: ['0.1999', '0.0542', '0.0464', '0.0716', '0.0477', '0.1887']",
    "--- Epoch 5/60 ---",
    "E5 B375/1875 L: 0.9921",
    "E5 B750/1875 L: 0.9779",
    "E5 B1125/1875 L: 1.3281",
    "E5 B1500/1875 L: 0.5665",
    "Stop request received."
  ],
  "parameters": {
    "totalEpochs": 60,
    "batchSize": 32,
    "learningRate": 0.0013,
    "weightDecay": 1.2567843546879078e-05,
    "momentumParams": [
      0.96,
      0.87,
      0.8,
      0.74,
      0.43,
      0.75
    ],
    "strengthParams": [
      0.18,
      0.56,
      0.42,
      0.61,
      0.38,
      0.43
    ],
    "noiseParams": [
      0.16,
      0.24,
      0.22,
      0.41,
      0.26,
      0.23
    ],
    "couplingParams": [
      0.8,
      0.83,
      0.8,
      0.77,
      0.74,
      0.65
    ],
    "quantumCircuitSize": 32,
    "labelSmoothing": 0.08,
    "quantumMode": true,
    "modelName": "ZPE-Colab-Sim_hnn_step8",
    "baseConfigId": "zpe_job_875b11e7"
  },
  "start_time": "2025-06-10T01:56:21.523954",
  "end_time": null,
  "gpu_info": {
    "id": "0",
    "name": "NVIDIA GeForce RTX 3050 6GB Laptop GPU",
    "utilization_gpu_percent": 0.0,
    "utilization_memory_io_percent": 0.0,
    "memory_total_mb": 6144.0,
    "memory_used_mb": 624.875,
    "memory_free_mb": 5519.125,
    "memory_used_percent": 10.170491536458334,
    "temperature_c": 47.0,
    "power_draw_w": 7.949,
    "fan_speed_percent": null
  }
}