{
  "job_id": "zpe_job_ca010d7e",
  "status": "completed",
  "current_epoch": 5,
  "total_epochs": 5,
  "accuracy": 99.36,
  "loss": 0.5278388755009197,
  "zpe_effects": [
    0.1998872011899948,
    0.0985160693526268,
    0.06166568025946617,
    0.056064486503601074,
    0.02234189584851265,
    0.19999998807907104
  ],
  "log_messages": [
    "Init job: ZPE-Colab-Sim",
    "Starting PyTorch training: ZPE-Colab-Sim",
    "Device: cuda",
    "Setting up MNIST dataset...",
    "DataLoaders created. Train: 1875, Val: 313 batches.",
    "Model & Optimizer initialized.",
    "--- Epoch 1/5 ---",
    "E1 B375/1875 L: 1.4831",
    "E1 B750/1875 L: 1.1080",
    "E1 B1125/1875 L: 1.4990",
    "E1 B1500/1875 L: 1.1275",
    "E1 END - TrainL: 1.2012, ValAcc: 97.85%, ValL: 0.5928",
    "ZPE: [0.1999, 0.1408, 0.0976, 0.1405, 0.0379, 0.1993]",
    "--- Epoch 2/5 ---",
    "E2 B375/1875 L: 1.0318",
    "E2 B750/1875 L: 1.0739",
    "E2 B1125/1875 L: 0.6452",
    "E2 B1500/1875 L: 1.3386",
    "E2 END - TrainL: 1.0729, ValAcc: 98.91%, ValL: 0.5503",
    "ZPE: [0.1999, 0.1189, 0.0903, 0.1015, 0.0553, 0.2]",
    "--- Epoch 3/5 ---",
    "E3 B375/1875 L: 1.4086",
    "E3 B750/1875 L: 0.6019",
    "E3 B1125/1875 L: 0.6489",
    "E3 B1500/1875 L: 0.7514",
    "E3 END - TrainL: 1.0060, ValAcc: 99.15%, ValL: 0.5478",
    "ZPE: [0.1999, 0.1019, 0.0639, 0.0771, 0.0285, 0.2]",
    "--- Epoch 4/5 ---",
    "E4 B375/1875 L: 0.8133",
    "E4 B750/1875 L: 0.7110",
    "E4 B1125/1875 L: 0.8437",
    "E4 B1500/1875 L: 1.3658",
    "E4 END - TrainL: 0.9617, ValAcc: 99.32%, ValL: 0.5454",
    "ZPE: [0.1999, 0.1003, 0.0627, 0.062, 0.0346, 0.2]",
    "--- Epoch 5/5 ---",
    "E5 B375/1875 L: 0.8463",
    "E5 B750/1875 L: 1.3309",
    "E5 B1125/1875 L: 1.2558",
    "E5 B1500/1875 L: 0.8746",
    "E5 END - TrainL: 0.9378, ValAcc: 99.36%, ValL: 0.5278",
    "ZPE: [0.1999, 0.0985, 0.0617, 0.0561, 0.0223, 0.2]",
    "Training done! Final Val Acc: 99.36%",
    "Model saved: training_jobs/zpe_job_ca010d7e_model.pth"
  ],
  "parameters": {
    "totalEpochs": 5,
    "batchSize": 32,
    "learningRate": 0.001,
    "weightDecay": 0.0001,
    "momentumParams": [
      0.9,
      0.85,
      0.8,
      0.75,
      0.7,
      0.65
    ],
    "strengthParams": [
      0.35,
      0.33,
      0.31,
      0.6,
      0.27,
      0.5
    ],
    "noiseParams": [
      0.3,
      0.28,
      0.26,
      0.35,
      0.22,
      0.25
    ],
    "quantumCircuitSize": 32,
    "labelSmoothing": 0.1,
    "quantumMode": true,
    "modelName": "ZPE-Colab-Sim",
    "baseConfigId": null
  },
  "start_time": "2025-05-31T21:58:12.109637",
  "end_time": "2025-05-31T22:09:20.144592",
  "gpu_info": {
    "id": "0",
    "name": "NVIDIA GeForce RTX 3050 6GB Laptop GPU",
    "utilization_gpu_percent": 96.0,
    "utilization_memory_io_percent": 92.0,
    "memory_total_mb": 6144.0,
    "memory_used_mb": 624.875,
    "memory_free_mb": 5519.125,
    "memory_used_percent": 10.170491536458334,
    "temperature_c": 59.0,
    "power_draw_w": 19.769
  }
}