{
  "job_id": "zpe_job_7ada56b9",
  "status": "stopped",
  "current_epoch": 1,
  "zpe_history": [],
  "total_epochs": 60,
  "accuracy": 0.0,
  "loss": 0.8578453660011292,
  "zpe_effects": [
    0.19999998807907104,
    0.19313518702983856,
    0.09641146659851074,
    0.11694248020648956,
    0.04719429090619087,
    0.19811618328094482
  ],
  "log_messages": [
    "Init job: ZPE-Colab-Sim_hnn_step8_retrain_1750",
    "Starting PyTorch training: ZPE-Colab-Sim_hnn_step8_retrain_1750",
    "Device: cuda",
    "Setting up MNIST dataset...",
    "DataLoaders created. Train: 1875, Val: 313 batches.",
    "Model & Optimizer initialized.",
    "No previous weights found for baseConfigId zpe_job_db411991, starting fresh.",
    "--- Epoch 1/60 ---",
    "E1 B375/1875 L: 0.8317",
    "E1 B750/1875 L: 1.0460",
    "E1 B1125/1875 L: 0.8578",
    "Stop request received."
  ],
  "parameters": {
    "totalEpochs": 60,
    "batchSize": 32,
    "learningRate": 0.0013,
    "weightDecay": 1.2567843546879078e-05,
    "momentumParams": [
      0.96,
      0.87,
      0.8,
      0.74,
      0.43,
      0.75
    ],
    "strengthParams": [
      0.18,
      0.56,
      0.42,
      0.61,
      0.38,
      0.43
    ],
    "noiseParams": [
      0.16,
      0.24,
      0.22,
      0.41,
      0.26,
      0.23
    ],
    "couplingParams": [
      0.8,
      0.83,
      0.8,
      0.77,
      0.74,
      0.65
    ],
    "quantumCircuitSize": 32,
    "labelSmoothing": 0.08,
    "quantumMode": true,
    "modelName": "ZPE-Colab-Sim_hnn_step8_retrain_1750",
    "baseConfigId": "zpe_job_db411991"
  },
  "start_time": "2025-06-11T10:07:32.159719",
  "end_time": null,
  "gpu_info": {
    "id": "0",
    "name": "NVIDIA GeForce RTX 3050 6GB Laptop GPU",
    "utilization_gpu_percent": 99.0,
    "utilization_memory_io_percent": 95.0,
    "memory_total_mb": 6144.0,
    "memory_used_mb": 624.875,
    "memory_free_mb": 5519.125,
    "memory_used_percent": 10.170491536458334,
    "temperature_c": 55.0,
    "power_draw_w": 19.942,
    "fan_speed_percent": null
  }
}