{
  "job_id": "zpe_job_a3b95e87",
  "status": "completed",
  "current_epoch": 30,
  "total_epochs": 30,
  "accuracy": 99.62,
  "loss": 0.5152904326542498,
  "zpe_effects": [
    0.1998872011899948,
    0.01261838711798191,
    0.009558391757309437,
    0.0076056006364524364,
    0.013726579956710339,
    0.19999998807907104
  ],
  "log_messages": [
    "Init job: ZPE-QuantumWeaver-V1",
    "Starting PyTorch training: ZPE-QuantumWeaver-V1",
    "Device: cuda",
    "Setting up MNIST dataset...",
    "DataLoaders created. Train: 1875, Val: 313 batches.",
    "Model & Optimizer initialized.",
    "--- Epoch 1/30 ---",
    "E1 B375/1875 L: 0.8751",
    "E1 B750/1875 L: 0.7227",
    "E1 B1125/1875 L: 1.5816",
    "E1 B1500/1875 L: 0.6534",
    "E1 END - TrainL: 1.2104, ValAcc: 98.43%, ValL: 0.5826",
    "ZPE: [0.1999, 0.1547, 0.1075, 0.1078, 0.09, 0.2]",
    "--- Epoch 2/30 ---",
    "E2 B375/1875 L: 0.7373",
    "E2 B750/1875 L: 1.6844",
    "E2 B1125/1875 L: 1.2466",
    "E2 B1500/1875 L: 1.0511",
    "E2 END - TrainL: 1.0799, ValAcc: 98.98%, ValL: 0.5750",
    "ZPE: [0.1999, 0.1259, 0.0755, 0.0968, 0.0652, 0.2]",
    "--- Epoch 3/30 ---",
    "E3 B375/1875 L: 1.5149",
    "E3 B750/1875 L: 1.2147",
    "E3 B1125/1875 L: 0.8808",
    "E3 B1500/1875 L: 1.5257",
    "E3 END - TrainL: 1.0439, ValAcc: 99.19%, ValL: 0.5439",
    "ZPE: [0.1999, 0.0916, 0.0561, 0.0689, 0.0323, 0.2]",
    "--- Epoch 4/30 ---",
    "E4 B375/1875 L: 1.0086",
    "E4 B750/1875 L: 0.7300",
    "E4 B1125/1875 L: 0.9302",
    "E4 B1500/1875 L: 1.6241",
    "E4 END - TrainL: 1.0128, ValAcc: 99.04%, ValL: 0.5443",
    "ZPE: [0.1999, 0.069, 0.0359, 0.056, 0.0245, 0.2]",
    "--- Epoch 5/30 ---",
    "E5 B375/1875 L: 0.8832",
    "E5 B750/1875 L: 1.4061",
    "E5 B1125/1875 L: 1.4471",
    "E5 B1500/1875 L: 1.3736",
    "E5 END - TrainL: 0.9998, ValAcc: 99.14%, ValL: 0.5519",
    "ZPE: [0.1999, 0.0602, 0.0326, 0.038, 0.0247, 0.2]",
    "--- Epoch 6/30 ---",
    "E6 B375/1875 L: 0.5705",
    "E6 B750/1875 L: 0.7468",
    "E6 B1125/1875 L: 0.8182",
    "E6 B1500/1875 L: 0.5823",
    "E6 END - TrainL: 0.9808, ValAcc: 99.23%, ValL: 0.5942",
    "ZPE: [0.1999, 0.0525, 0.0298, 0.0308, 0.025, 0.1983]",
    "--- Epoch 7/30 ---",
    "E7 B375/1875 L: 0.6853",
    "E7 B750/1875 L: 0.8741",
    "E7 B1125/1875 L: 0.9175",
    "E7 B1500/1875 L: 0.7510",
    "E7 END - TrainL: 0.9684, ValAcc: 98.93%, ValL: 0.5629",
    "ZPE: [0.1999, 0.0321, 0.0233, 0.0176, 0.0129, 0.1883]",
    "--- Epoch 8/30 ---",
    "E8 B375/1875 L: 1.3646",
    "E8 B750/1875 L: 1.2804",
    "E8 B1125/1875 L: 1.1634",
    "E8 B1500/1875 L: 1.3463",
    "E8 END - TrainL: 0.9617, ValAcc: 99.01%, ValL: 0.5652",
    "ZPE: [0.1999, 0.033, 0.0195, 0.0173, 0.0207, 0.195]",
    "--- Epoch 9/30 ---",
    "E9 B375/1875 L: 1.3865",
    "E9 B750/1875 L: 0.5477",
    "E9 B1125/1875 L: 0.6030",
    "E9 B1500/1875 L: 1.4030",
    "E9 END - TrainL: 0.9518, ValAcc: 99.28%, ValL: 0.5667",
    "ZPE: [0.1999, 0.0279, 0.0182, 0.0178, 0.0185, 0.1956]",
    "--- Epoch 10/30 ---",
    "E10 B375/1875 L: 0.6572",
    "E10 B750/1875 L: 0.6733",
    "E10 B1125/1875 L: 0.6722",
    "E10 B1500/1875 L: 1.4177",
    "E10 END - TrainL: 0.9312, ValAcc: 98.99%, ValL: 0.5519",
    "ZPE: [0.1999, 0.0216, 0.018, 0.0182, 0.0183, 0.2]",
    "--- Epoch 11/30 ---",
    "E11 B375/1875 L: 0.6628",
    "E11 B750/1875 L: 0.5343",
    "E11 B1125/1875 L: 0.8577",
    "E11 B1500/1875 L: 0.9733",
    "E11 END - TrainL: 0.9346, ValAcc: 99.25%, ValL: 0.5437",
    "ZPE: [0.1999, 0.0189, 0.0171, 0.0141, 0.0193, 0.2]",
    "--- Epoch 12/30 ---",
    "E12 B375/1875 L: 0.5514",
    "E12 B750/1875 L: 1.0001",
    "E12 B1125/1875 L: 1.3290",
    "E12 B1500/1875 L: 1.3142",
    "E12 END - TrainL: 0.9220, ValAcc: 99.43%, ValL: 0.5350",
    "ZPE: [0.1999, 0.0208, 0.0139, 0.0152, 0.0169, 0.2]",
    "--- Epoch 13/30 ---",
    "E13 B375/1875 L: 0.5181",
    "E13 B750/1875 L: 1.1352",
    "E13 B1125/1875 L: 0.7646",
    "E13 B1500/1875 L: 0.8024",
    "E13 END - TrainL: 0.9146, ValAcc: 99.30%, ValL: 0.5383",
    "ZPE: [0.1999, 0.0172, 0.0113, 0.0165, 0.0173, 0.2]",
    "--- Epoch 14/30 ---",
    "E14 B375/1875 L: 0.5982",
    "E14 B750/1875 L: 1.1587",
    "E14 B1125/1875 L: 0.5729",
    "E14 B1500/1875 L: 0.9838",
    "E14 END - TrainL: 0.8966, ValAcc: 99.27%, ValL: 0.5363",
    "ZPE: [0.1999, 0.0161, 0.0114, 0.0113, 0.016, 0.2]",
    "--- Epoch 15/30 ---",
    "E15 B375/1875 L: 0.7202",
    "E15 B750/1875 L: 0.8226",
    "E15 B1125/1875 L: 0.5245",
    "E15 B1500/1875 L: 0.7444",
    "E15 END - TrainL: 0.8864, ValAcc: 99.47%, ValL: 0.5355",
    "ZPE: [0.1999, 0.0145, 0.012, 0.0115, 0.0127, 0.2]",
    "--- Epoch 16/30 ---",
    "E16 B375/1875 L: 0.5302",
    "E16 B750/1875 L: 1.0085",
    "E16 B1125/1875 L: 0.5687",
    "E16 B1500/1875 L: 1.2759",
    "E16 END - TrainL: 0.8748, ValAcc: 99.26%, ValL: 0.5282",
    "ZPE: [0.1999, 0.0128, 0.0096, 0.0117, 0.016, 0.2]",
    "--- Epoch 17/30 ---",
    "E17 B375/1875 L: 0.8132",
    "E17 B750/1875 L: 1.0953",
    "E17 B1125/1875 L: 0.5301",
    "E17 B1500/1875 L: 1.0361",
    "E17 END - TrainL: 0.8870, ValAcc: 99.55%, ValL: 0.5226",
    "ZPE: [0.1999, 0.0137, 0.0084, 0.0098, 0.0169, 0.2]",
    "--- Epoch 18/30 ---",
    "E18 B375/1875 L: 1.1831",
    "E18 B750/1875 L: 1.0987",
    "E18 B1125/1875 L: 1.0625",
    "E18 B1500/1875 L: 1.2572",
    "E18 END - TrainL: 0.8620, ValAcc: 99.34%, ValL: 0.5357",
    "ZPE: [0.1999, 0.015, 0.0099, 0.0103, 0.0159, 0.2]",
    "--- Epoch 19/30 ---",
    "E19 B375/1875 L: 0.6331",
    "E19 B750/1875 L: 0.8006",
    "E19 B1125/1875 L: 0.5520",
    "E19 B1500/1875 L: 0.5220",
    "E19 END - TrainL: 0.8786, ValAcc: 99.62%, ValL: 0.5209",
    "ZPE: [0.1999, 0.0132, 0.0092, 0.0115, 0.0154, 0.2]",
    "--- Epoch 20/30 ---",
    "E20 B375/1875 L: 0.5561",
    "E20 B750/1875 L: 1.1922",
    "E20 B1125/1875 L: 0.6032",
    "E20 B1500/1875 L: 1.1201",
    "E20 END - TrainL: 0.8674, ValAcc: 99.51%, ValL: 0.5239",
    "ZPE: [0.1999, 0.0157, 0.0116, 0.0104, 0.015, 0.2]",
    "--- Epoch 21/30 ---",
    "E21 B375/1875 L: 0.9453",
    "E21 B750/1875 L: 1.0621",
    "E21 B1125/1875 L: 1.0092",
    "E21 B1500/1875 L: 0.7482",
    "E21 END - TrainL: 0.8559, ValAcc: 99.50%, ValL: 0.5221",
    "ZPE: [0.1999, 0.0115, 0.0087, 0.0087, 0.0133, 0.2]",
    "--- Epoch 22/30 ---",
    "E22 B375/1875 L: 1.3833",
    "E22 B750/1875 L: 0.8358",
    "E22 B1125/1875 L: 1.0672",
    "E22 B1500/1875 L: 1.1868",
    "E22 END - TrainL: 0.8383, ValAcc: 99.48%, ValL: 0.5186",
    "ZPE: [0.1999, 0.0112, 0.0104, 0.0088, 0.0132, 0.2]",
    "--- Epoch 23/30 ---",
    "E23 B375/1875 L: 0.6343",
    "E23 B750/1875 L: 1.1444",
    "E23 B1125/1875 L: 1.1956",
    "E23 B1500/1875 L: 1.0024",
    "E23 END - TrainL: 0.8484, ValAcc: 99.60%, ValL: 0.5192",
    "ZPE: [0.1999, 0.0133, 0.0102, 0.0093, 0.0129, 0.2]",
    "--- Epoch 24/30 ---",
    "E24 B375/1875 L: 0.6273",
    "E24 B750/1875 L: 0.9932",
    "E24 B1125/1875 L: 0.5541",
    "E24 B1500/1875 L: 1.0395",
    "E24 END - TrainL: 0.8277, ValAcc: 99.58%, ValL: 0.5193",
    "ZPE: [0.1999, 0.0106, 0.0088, 0.0085, 0.0129, 0.2]",
    "--- Epoch 25/30 ---",
    "E25 B375/1875 L: 0.8504",
    "E25 B750/1875 L: 0.8214",
    "E25 B1125/1875 L: 0.6636",
    "E25 B1500/1875 L: 1.0152",
    "E25 END - TrainL: 0.8361, ValAcc: 99.61%, ValL: 0.5162",
    "ZPE: [0.1999, 0.0143, 0.0109, 0.0092, 0.0152, 0.2]",
    "--- Epoch 26/30 ---",
    "E26 B375/1875 L: 0.7867",
    "E26 B750/1875 L: 0.9874",
    "E26 B1125/1875 L: 0.5756",
    "E26 B1500/1875 L: 1.1714",
    "E26 END - TrainL: 0.8371, ValAcc: 99.62%, ValL: 0.5156",
    "ZPE: [0.1999, 0.0091, 0.0081, 0.0064, 0.013, 0.2]",
    "--- Epoch 27/30 ---",
    "E27 B375/1875 L: 1.1659",
    "E27 B750/1875 L: 0.6752",
    "E27 B1125/1875 L: 0.5662",
    "E27 B1500/1875 L: 1.1906",
    "E27 END - TrainL: 0.8372, ValAcc: 99.62%, ValL: 0.5160",
    "ZPE: [0.1999, 0.0119, 0.0095, 0.0079, 0.0133, 0.2]",
    "--- Epoch 28/30 ---",
    "E28 B375/1875 L: 1.1679",
    "E28 B750/1875 L: 0.7221",
