{
  "job_id": "zpe_job_45a6fcba",
  "status": "stopped",
  "current_epoch": 13,
  "total_epochs": 30,
  "accuracy": 99.34,
  "loss": 0.9453530311584473,
  "zpe_effects": [
    0.19999998807907104,
    0.019027233123779297,
    0.01277302484959364,
    0.011864221654832363,
    0.011140394024550915,
    0.19999998807907104
  ],
  "log_messages": [
    "Init job: ZPE-Sim-V1",
    "Starting PyTorch training: ZPE-Sim-V1",
    "Device: cuda",
    "Setting up MNIST dataset...",
    "DataLoaders created. Train: 1875, Val: 313 batches.",
    "Model & Optimizer initialized.",
    "--- Epoch 1/30 ---",
    "E1 B375/1875 L: 1.8314",
    "E1 B750/1875 L: 0.7372",
    "E1 B1125/1875 L: 1.6433",
    "E1 B1500/1875 L: 1.7239",
    "E1 END - TrainL: 1.2053, ValAcc: 98.15%, ValL: 0.5812",
    "ZPE: [0.1999, 0.172, 0.1074, 0.1125, 0.0548, 0.1952]",
    "--- Epoch 2/30 ---",
    "E2 B375/1875 L: 1.1209",
    "E2 B750/1875 L: 1.4346",
    "E2 B1125/1875 L: 1.5043",
    "E2 B1500/1875 L: 1.4602",
    "E2 END - TrainL: 1.0693, ValAcc: 98.81%, ValL: 0.5838",
    "ZPE: [0.1999, 0.1391, 0.0638, 0.0995, 0.0296, 0.1973]",
    "--- Epoch 3/30 ---",
    "E3 B375/1875 L: 1.3890",
    "E3 B750/1875 L: 1.0687",
    "E3 B1125/1875 L: 1.0166",
    "E3 B1500/1875 L: 0.6033",
    "E3 END - TrainL: 1.0557, ValAcc: 98.80%, ValL: 0.5646",
    "ZPE: [0.1999, 0.1043, 0.0598, 0.0534, 0.0201, 0.2]",
    "--- Epoch 4/30 ---",
    "E4 B375/1875 L: 1.4405",
    "E4 B750/1875 L: 1.4606",
    "E4 B1125/1875 L: 1.4761",
    "E4 B1500/1875 L: 1.2898",
    "E4 END - TrainL: 1.0284, ValAcc: 98.82%, ValL: 0.5619",
    "ZPE: [0.1999, 0.0818, 0.039, 0.0415, 0.0242, 0.2]",
    "--- Epoch 5/30 ---",
    "E5 B375/1875 L: 1.6304",
    "E5 B750/1875 L: 1.2749",
    "E5 B1125/1875 L: 0.5901",
    "E5 B1500/1875 L: 1.0241",
    "E5 END - TrainL: 1.0076, ValAcc: 92.78%, ValL: 0.7232",
    "ZPE: [0.1999, 0.0671, 0.0349, 0.0333, 0.0126, 0.1979]",
    "--- Epoch 6/30 ---",
    "E6 B375/1875 L: 0.6968",
    "E6 B750/1875 L: 1.3597",
    "E6 B1125/1875 L: 1.4262",
    "E6 B1500/1875 L: 0.8527",
    "E6 END - TrainL: 0.9822, ValAcc: 98.80%, ValL: 0.5735",
    "ZPE: [0.1999, 0.0553, 0.0298, 0.0284, 0.0182, 0.1993]",
    "--- Epoch 7/30 ---",
    "E7 B375/1875 L: 0.9990",
    "E7 B750/1875 L: 1.2237",
    "E7 B1125/1875 L: 0.7530",
    "E7 B1500/1875 L: 0.9069",
    "E7 END - TrainL: 0.9796, ValAcc: 99.25%, ValL: 0.5332",
    "ZPE: [0.1999, 0.0419, 0.0269, 0.0268, 0.019, 0.2]",
    "--- Epoch 8/30 ---",
    "E8 B375/1875 L: 0.9331",
    "E8 B750/1875 L: 0.6038",
    "E8 B1125/1875 L: 1.4967",
    "E8 B1500/1875 L: 1.4929",
    "E8 END - TrainL: 0.9627, ValAcc: 99.33%, ValL: 0.5369",
    "ZPE: [0.1999, 0.0378, 0.0267, 0.0207, 0.0226, 0.2]",
    "--- Epoch 9/30 ---",
    "E9 B375/1875 L: 0.5788",
    "E9 B750/1875 L: 0.5508",
    "E9 B1125/1875 L: 1.2492",
    "E9 B1500/1875 L: 1.2552",
    "E9 END - TrainL: 0.9421, ValAcc: 99.21%, ValL: 0.5390",
    "ZPE: [0.1999, 0.0311, 0.0213, 0.0139, 0.019, 0.2]",
    "--- Epoch 10/30 ---",
    "E10 B375/1875 L: 1.1755",
    "E10 B750/1875 L: 0.9045",
    "E10 B1125/1875 L: 0.5762",
    "E10 B1500/1875 L: 1.1944",
    "E10 END - TrainL: 0.9357, ValAcc: 99.39%, ValL: 0.5405",
    "ZPE: [0.1999, 0.0291, 0.0163, 0.0151, 0.0188, 0.2]",
    "--- Epoch 11/30 ---",
    "E11 B375/1875 L: 0.7262",
    "E11 B750/1875 L: 0.8403",
    "E11 B1125/1875 L: 1.2346",
    "E11 B1500/1875 L: 0.7558",
    "E11 END - TrainL: 0.9355, ValAcc: 99.39%, ValL: 0.5269",
    "ZPE: [0.1999, 0.0283, 0.0152, 0.0117, 0.0152, 0.2]",
    "--- Epoch 12/30 ---",
    "E12 B375/1875 L: 0.6153",
    "E12 B750/1875 L: 0.8379",
    "E12 B1125/1875 L: 0.9399",
    "E12 B1500/1875 L: 1.0025",
    "E12 END - TrainL: 0.9394, ValAcc: 99.34%, ValL: 0.5323",
    "ZPE: [0.1999, 0.025, 0.0142, 0.0155, 0.0155, 0.2]",
    "--- Epoch 13/30 ---",
    "E13 B375/1875 L: 0.8191",
    "E13 B750/1875 L: 0.8325",
    "E13 B1125/1875 L: 0.9454",
    "Stop request received."
  ],
  "parameters": {
    "totalEpochs": 30,
    "batchSize": 32,
    "learningRate": 0.001,
    "weightDecay": 0.0001,
    "momentumParams": [
      0.9,
      0.85,
      0.8,
      0.75,
      0.7,
      0.65
    ],
    "strengthParams": [
      0.35,
      0.33,
      0.31,
      0.6,
      0.27,
      0.5
    ],
    "noiseParams": [
      0.3,
      0.28,
      0.26,
      0.35,
      0.22,
      0.25
    ],
    "quantumCircuitSize": 32,
    "labelSmoothing": 0.1,
    "quantumMode": true,
    "modelName": "ZPE-Sim-V1",
    "baseConfigId": null
  },
  "start_time": "2025-06-01T14:30:15.754278",
  "end_time": null,
  "gpu_info": {
    "id": "0",
    "name": "NVIDIA GeForce RTX 3050 6GB Laptop GPU",
    "utilization_gpu_percent": 96.0,
    "utilization_memory_io_percent": 84.0,
    "memory_total_mb": 6144.0,
    "memory_used_mb": 624.875,
    "memory_free_mb": 5519.125,
    "memory_used_percent": 10.170491536458334,
    "temperature_c": 70.0,
    "power_draw_w": 34.899
  }
}