{
  "job_id": "zpe_job_a6551338",
  "status": "completed",
  "current_epoch": 30,
  "total_epochs": 30,
  "accuracy": 99.64,
  "loss": 0.5129021640402821,
  "zpe_effects": [
    0.1998872011899948,
    0.018282044678926468,
    0.018428301438689232,
    0.024945367127656937,
    0.02499469555914402,
    0.19999998807907104
  ],
  "log_messages": [
    "Init job: ZPE-Colab-Sim_hnn_step2",
    "Starting PyTorch training: ZPE-Colab-Sim_hnn_step2",
    "Device: cuda",
    "Setting up MNIST dataset...",
    "DataLoaders created. Train: 1875, Val: 313 batches.",
    "Model & Optimizer initialized.",
    "--- Epoch 1/30 ---",
    "E1 B375/1875 L: 1.2255",
    "E1 B750/1875 L: 1.2142",
    "E1 B1125/1875 L: 1.4657",
    "E1 B1500/1875 L: 1.0923",
    "E1 END - TrainL: 1.2093, ValAcc: 98.55%, ValL: 0.5794",
    "ZPE: [0.1999, 0.1559, 0.1024, 0.1554, 0.0536, 0.1988]",
    "--- Epoch 2/30 ---",
    "E2 B375/1875 L: 0.6080",
    "E2 B750/1875 L: 1.6842",
    "E2 B1125/1875 L: 1.5456",
    "E2 B1500/1875 L: 0.6465",
    "E2 END - TrainL: 1.0810, ValAcc: 99.01%, ValL: 0.5722",
    "ZPE: [0.1999, 0.1271, 0.0838, 0.1232, 0.0484, 0.2]",
    "--- Epoch 3/30 ---",
    "E3 B375/1875 L: 1.0186",
    "E3 B750/1875 L: 0.7657",
    "E3 B1125/1875 L: 1.3038",
    "E3 B1500/1875 L: 0.6275",
    "E3 END - TrainL: 1.0253, ValAcc: 98.97%, ValL: 0.5470",
    "ZPE: [0.1999, 0.0995, 0.0771, 0.0916, 0.0566, 0.2]",
    "--- Epoch 4/30 ---",
    "E4 B375/1875 L: 1.5702",
    "E4 B750/1875 L: 1.3088",
    "E4 B1125/1875 L: 1.4186",
    "E4 B1500/1875 L: 1.1979",
    "E4 END - TrainL: 1.0173, ValAcc: 99.07%, ValL: 0.5771",
    "ZPE: [0.1999, 0.0773, 0.0604, 0.0739, 0.0519, 0.2]",
    "--- Epoch 5/30 ---",
    "E5 B375/1875 L: 0.9252",
    "E5 B750/1875 L: 0.9470",
    "E5 B1125/1875 L: 1.2682",
    "E5 B1500/1875 L: 1.4759",
    "E5 END - TrainL: 0.9997, ValAcc: 99.14%, ValL: 0.5454",
    "ZPE: [0.1999, 0.0593, 0.0432, 0.0689, 0.0297, 0.2]",
    "--- Epoch 6/30 ---",
    "E6 B375/1875 L: 1.0526",
    "E6 B750/1875 L: 1.3945",
    "E6 B1125/1875 L: 1.2910",
    "E6 B1500/1875 L: 0.8255",
    "E6 END - TrainL: 0.9889, ValAcc: 99.22%, ValL: 0.5397",
    "ZPE: [0.1999, 0.051, 0.045, 0.0645, 0.0299, 0.2]",
    "--- Epoch 7/30 ---",
    "E7 B375/1875 L: 0.8082",
    "E7 B750/1875 L: 0.5709",
    "E7 B1125/1875 L: 0.9768",
    "E7 B1500/1875 L: 1.0640",
    "E7 END - TrainL: 0.9681, ValAcc: 99.20%, ValL: 0.5624",
    "ZPE: [0.1999, 0.0456, 0.0391, 0.0639, 0.0362, 0.2]",
    "--- Epoch 8/30 ---",
    "E8 B375/1875 L: 1.0450",
    "E8 B750/1875 L: 0.8438",
    "E8 B1125/1875 L: 0.7856",
    "E8 B1500/1875 L: 0.5504",
    "E8 END - TrainL: 0.9543, ValAcc: 99.07%, ValL: 0.5805",
    "ZPE: [0.1999, 0.041, 0.0339, 0.0506, 0.0439, 0.2]",
    "--- Epoch 9/30 ---",
    "E9 B375/1875 L: 1.0834",
    "E9 B750/1875 L: 1.4272",
    "E9 B1125/1875 L: 1.4467",
    "E9 B1500/1875 L: 0.5230",
    "E9 END - TrainL: 0.9397, ValAcc: 99.18%, ValL: 0.5568",
    "ZPE: [0.1999, 0.0388, 0.0329, 0.0425, 0.029, 0.2]",
    "--- Epoch 10/30 ---",
    "E10 B375/1875 L: 0.7869",
    "E10 B750/1875 L: 0.6559",
    "E10 B1125/1875 L: 0.5919",
    "E10 B1500/1875 L: 0.6415",
    "E10 END - TrainL: 0.9331, ValAcc: 99.23%, ValL: 0.5598",
    "ZPE: [0.1999, 0.0345, 0.0311, 0.0289, 0.044, 0.2]",
    "--- Epoch 11/30 ---",
    "E11 B375/1875 L: 0.6716",
    "E11 B750/1875 L: 0.6592",
    "E11 B1125/1875 L: 1.0452",
    "E11 B1500/1875 L: 1.3268",
    "E11 END - TrainL: 0.9261, ValAcc: 99.40%, ValL: 0.5518",
    "ZPE: [0.1999, 0.0307, 0.0325, 0.0431, 0.0374, 0.2]",
    "--- Epoch 12/30 ---",
    "E12 B375/1875 L: 1.2980",
    "E12 B750/1875 L: 0.6519",
    "E12 B1125/1875 L: 1.3653",
    "E12 B1500/1875 L: 0.5435",
    "E12 END - TrainL: 0.9257, ValAcc: 99.50%, ValL: 0.5466",
    "ZPE: [0.1999, 0.0285, 0.0277, 0.035, 0.0266, 0.2]",
    "--- Epoch 13/30 ---",
    "E13 B375/1875 L: 0.6992",
    "E13 B750/1875 L: 0.7165",
    "E13 B1125/1875 L: 1.2727",
    "E13 B1500/1875 L: 0.9549",
    "E13 END - TrainL: 0.8985, ValAcc: 99.47%, ValL: 0.5343",
    "ZPE: [0.1999, 0.0263, 0.0274, 0.0312, 0.0342, 0.2]",
    "--- Epoch 14/30 ---",
    "E14 B375/1875 L: 0.8469",
    "E14 B750/1875 L: 0.5565",
    "E14 B1125/1875 L: 0.7440",
    "E14 B1500/1875 L: 0.5586",
    "E14 END - TrainL: 0.9059, ValAcc: 99.37%, ValL: 0.5422",
    "ZPE: [0.1999, 0.0305, 0.0289, 0.0448, 0.0329, 0.2]",
    "--- Epoch 15/30 ---",
    "E15 B375/1875 L: 0.5253",
    "E15 B750/1875 L: 0.8894",
    "E15 B1125/1875 L: 0.5893",
    "E15 B1500/1875 L: 1.4123",
    "E15 END - TrainL: 0.9000, ValAcc: 99.43%, ValL: 0.5424",
    "ZPE: [0.1999, 0.0289, 0.0263, 0.0372, 0.0289, 0.2]",
    "--- Epoch 16/30 ---",
    "E16 B375/1875 L: 0.8394",
    "E16 B750/1875 L: 1.2838",
    "E16 B1125/1875 L: 1.2848",
    "E16 B1500/1875 L: 0.8789",
    "E16 END - TrainL: 0.9016, ValAcc: 99.51%, ValL: 0.5299",
    "ZPE: [0.1999, 0.0235, 0.0229, 0.0348, 0.0283, 0.2]",
    "--- Epoch 17/30 ---",
    "E17 B375/1875 L: 1.2088",
    "E17 B750/1875 L: 0.5314",
    "E17 B1125/1875 L: 0.6506",
    "E17 B1500/1875 L: 0.5389",
    "E17 END - TrainL: 0.8773, ValAcc: 99.60%, ValL: 0.5239",
    "ZPE: [0.1999, 0.0216, 0.022, 0.0282, 0.0215, 0.2]",
    "--- Epoch 18/30 ---",
    "E18 B375/1875 L: 1.1424",
    "E18 B750/1875 L: 0.8966",
    "E18 B1125/1875 L: 0.7606",
    "E18 B1500/1875 L: 0.5252",
    "E18 END - TrainL: 0.8784, ValAcc: 99.54%, ValL: 0.5207",
    "ZPE: [0.1999, 0.0255, 0.0236, 0.035, 0.028, 0.2]",
    "--- Epoch 19/30 ---",
    "E19 B375/1875 L: 0.5211",
    "E19 B750/1875 L: 0.6151",
    "E19 B1125/1875 L: 0.7783",
    "E19 B1500/1875 L: 1.3557",
    "E19 END - TrainL: 0.8693, ValAcc: 99.60%, ValL: 0.5184",
    "ZPE: [0.1999, 0.0203, 0.0194, 0.0329, 0.0232, 0.2]",
    "--- Epoch 20/30 ---",
    "E20 B375/1875 L: 1.0758",
    "E20 B750/1875 L: 1.0313",
    "E20 B1125/1875 L: 1.2981",
    "E20 B1500/1875 L: 1.2005",
    "E20 END - TrainL: 0.8605, ValAcc: 99.62%, ValL: 0.5164",
    "ZPE: [0.1999, 0.0217, 0.0209, 0.0263, 0.0257, 0.2]",
    "--- Epoch 21/30 ---",
    "E21 B375/1875 L: 0.7393",
    "E21 B750/1875 L: 0.5941",
    "E21 B1125/1875 L: 0.5895",
    "E21 B1500/1875 L: 0.5629",
    "E21 END - TrainL: 0.8621, ValAcc: 99.63%, ValL: 0.5161",
    "ZPE: [0.1999, 0.023, 0.0207, 0.0289, 0.029, 0.2]",
    "--- Epoch 22/30 ---",
    "E22 B375/1875 L: 0.6123",
    "E22 B750/1875 L: 0.5459",
    "E22 B1125/1875 L: 0.7256",
    "E22 B1500/1875 L: 0.6897",
    "E22 END - TrainL: 0.8554, ValAcc: 99.65%, ValL: 0.5176",
    "ZPE: [0.1999, 0.0213, 0.0183, 0.0263, 0.026, 0.2]",
    "--- Epoch 23/30 ---",
    "E23 B375/1875 L: 0.5228",
    "E23 B750/1875 L: 0.5540",
    "E23 B1125/1875 L: 0.7305",
    "E23 B1500/1875 L: 0.9034",
    "E23 END - TrainL: 0.8395, ValAcc: 99.63%, ValL: 0.5143",
    "ZPE: [0.1999, 0.0204, 0.0207, 0.0273, 0.028, 0.2]",
    "--- Epoch 24/30 ---",
    "E24 B375/1875 L: 0.6914",
    "E24 B750/1875 L: 0.5438",
    "E24 B1125/1875 L: 0.5594",
    "E24 B1500/1875 L: 0.7659",
    "E24 END - TrainL: 0.8407, ValAcc: 99.60%, ValL: 0.5133",
    "ZPE: [0.1999, 0.0212, 0.0193, 0.0261, 0.0249, 0.2]",
    "--- Epoch 25/30 ---",
    "E25 B375/1875 L: 1.1620",
    "E25 B750/1875 L: 1.1434",
    "E25 B1125/1875 L: 0.8106",
    "E25 B1500/1875 L: 0.7060",
    "E25 END - TrainL: 0.8494, ValAcc: 99.63%, ValL: 0.5145",
    "ZPE: [0.1999, 0.0226, 0.021, 0.0259, 0.0256, 0.2]",
    "--- Epoch 26/30 ---",
    "E26 B375/1875 L: 0.6783",
    "E26 B750/1875 L: 0.8395",
    "E26 B1125/1875 L: 0.9197",
    "E26 B1500/1875 L: 0.5535",
    "E26 END - TrainL: 0.8273, ValAcc: 99.62%, ValL: 0.5132",
    "ZPE: [0.1999, 0.019, 0.0202, 0.0251, 0.0252, 0.2]",
    "--- Epoch 27/30 ---",
    "E27 B375/1875 L: 0.5128",
    "E27 B750/1875 L: 0.5527",
    "E27 B1125/1875 L: 0.5571",
    "E27 B1500/1875 L: 1.1244",
    "E27 END - TrainL: 0.8378, ValAcc: 99.62%, ValL: 0.5120",
    "ZPE: [0.1999, 0.0176, 0.0179, 0.024, 0.0242, 0.2]",
    "--- Epoch 28/30 ---",
    "E28 B375/1875 L: 0.9449",
    "E28 B750/1875 L: 0.9436",
