{
  "job_id": "zpe_job_ac5ea98e",
  "status": "stopped",
  "current_epoch": 1,
  "zpe_history": [],
  "total_epochs": 30,
  "accuracy": 0.0,
  "loss": 1.3080706596374512,
  "zpe_effects": [
    0.19999998807907104,
    0.1309712678194046,
    0.09253605455160141,
    0.12239427864551544,
    0.035012781620025635,
    0.19151465594768524
  ],
  "log_messages": [
    "Init job: ZPE-QuantumWeaver-V1",
    "Starting PyTorch training: ZPE-QuantumWeaver-V1",
    "Device: cuda",
    "Setting up MNIST dataset...",
    "DataLoaders created. Train: 1875, Val: 313 batches.",
    "Model & Optimizer initialized.",
    "--- Epoch 1/30 ---",
    "E1 B375/1875 L: 0.7242",
    "E1 B750/1875 L: 0.7253",
    "E1 B1125/1875 L: 1.5557",
    "E1 B1500/1875 L: 1.3081",
    "Stop request received."
  ],
  "parameters": {
    "totalEpochs": 30,
    "batchSize": 32,
    "learningRate": 0.001,
    "weightDecay": 0.0001,
    "momentumParams": [
      0.9,
      0.85,
      0.8,
      0.75,
      0.7,
      0.65
    ],
    "strengthParams": [
      0.35,
      0.33,
      0.31,
      0.6,
      0.27,
      0.5
    ],
    "noiseParams": [
      0.3,
      0.28,
      0.26,
      0.35,
      0.22,
      0.25
    ],
    "couplingParams": [
      0.85,
      0.82,
      0.79,
      0.76,
      0.73,
      0.7
    ],
    "quantumCircuitSize": 32,
    "labelSmoothing": 0.1,
    "quantumMode": true,
    "modelName": "ZPE-QuantumWeaver-V1",
    "baseConfigId": null
  },
  "start_time": "2025-06-06T23:03:24.172285",
  "end_time": null,
  "gpu_info": {
    "id": "0",
    "name": "NVIDIA GeForce RTX 3050 6GB Laptop GPU",
    "utilization_gpu_percent": 89.0,
    "utilization_memory_io_percent": 78.0,
    "memory_total_mb": 6144.0,
    "memory_used_mb": 624.875,
    "memory_free_mb": 5519.125,
    "memory_used_percent": 10.170491536458334,
    "temperature_c": 69.0,
    "power_draw_w": 34.922,
    "fan_speed_percent": null
  }
}