{
  "job_id": "zpe_job_213c6964",
  "status": "completed",
  "current_epoch": 30,
  "total_epochs": 30,
  "accuracy": 99.57,
  "loss": 0.512842275654546,
  "zpe_effects": [
    0.1998872011899948,
    0.013338672928512096,
    0.008329927921295166,
    0.007846224121749401,
    0.013932550325989723,
    0.19999998807907104
  ],
  "log_messages": [
    "Init job: ZPE-QuantumWeaver-V1",
    "Starting PyTorch training: ZPE-QuantumWeaver-V1",
    "Device: cuda",
    "Setting up MNIST dataset...",
    "DataLoaders created. Train: 1875, Val: 313 batches.",
    "Model & Optimizer initialized.",
    "--- Epoch 1/30 ---",
    "E1 B375/1875 L: 0.7043",
    "E1 B750/1875 L: 1.0182",
    "E1 B1125/1875 L: 1.4660",
    "E1 B1500/1875 L: 1.5131",
    "E1 END - TrainL: 1.1906, ValAcc: 98.36%, ValL: 0.5794",
    "ZPE: [0.1999, 0.1566, 0.109, 0.1287, 0.0709, 0.2]",
    "--- Epoch 2/30 ---",
    "E2 B375/1875 L: 1.0457",
    "E2 B750/1875 L: 1.0174",
    "E2 B1125/1875 L: 0.7237",
    "E2 B1500/1875 L: 1.0772",
    "E2 END - TrainL: 1.0922, ValAcc: 98.59%, ValL: 0.5631",
    "ZPE: [0.1999, 0.1265, 0.0877, 0.0866, 0.0787, 0.2]",
    "--- Epoch 3/30 ---",
    "E3 B375/1875 L: 0.5833",
    "E3 B750/1875 L: 0.5571",
    "E3 B1125/1875 L: 0.9639",
    "E3 B1500/1875 L: 0.7154",
    "E3 END - TrainL: 1.0351, ValAcc: 98.91%, ValL: 0.5617",
    "ZPE: [0.1999, 0.09, 0.0533, 0.052, 0.0264, 0.2]",
    "--- Epoch 4/30 ---",
    "E4 B375/1875 L: 1.5166",
    "E4 B750/1875 L: 0.8740",
    "E4 B1125/1875 L: 0.6571",
    "E4 B1500/1875 L: 1.4778",
    "E4 END - TrainL: 1.0288, ValAcc: 99.02%, ValL: 0.5560",
    "ZPE: [0.1999, 0.0721, 0.0435, 0.0571, 0.0239, 0.2]",
    "--- Epoch 5/30 ---",
    "E5 B375/1875 L: 0.7681",
    "E5 B750/1875 L: 0.9501",
    "E5 B1125/1875 L: 1.0536",
    "E5 B1500/1875 L: 1.2217",
    "E5 END - TrainL: 0.9868, ValAcc: 99.11%, ValL: 0.5778",
    "ZPE: [0.1999, 0.0612, 0.0414, 0.0325, 0.0355, 0.2]",
    "--- Epoch 6/30 ---",
    "E6 B375/1875 L: 1.4079",
    "E6 B750/1875 L: 0.5921",
    "E6 B1125/1875 L: 0.7149",
    "E6 B1500/1875 L: 0.6061",
    "E6 END - TrainL: 0.9825, ValAcc: 99.11%, ValL: 0.5479",
    "ZPE: [0.1999, 0.0454, 0.0263, 0.0336, 0.0268, 0.2]",
    "--- Epoch 7/30 ---",
    "E7 B375/1875 L: 0.5765",
    "E7 B750/1875 L: 0.6922",
    "E7 B1125/1875 L: 0.5884",
    "E7 B1500/1875 L: 1.2709",
    "E7 END - TrainL: 0.9865, ValAcc: 98.88%, ValL: 0.5802",
    "ZPE: [0.1999, 0.0392, 0.0219, 0.0266, 0.0117, 0.1883]",
    "--- Epoch 8/30 ---",
    "E8 B375/1875 L: 0.5635",
    "E8 B750/1875 L: 1.1732",
    "E8 B1125/1875 L: 0.6320",
    "E8 B1500/1875 L: 1.2395",
    "E8 END - TrainL: 0.9629, ValAcc: 99.24%, ValL: 0.5405",
    "ZPE: [0.1999, 0.0331, 0.0168, 0.0245, 0.0163, 0.2]",
    "--- Epoch 9/30 ---",
    "E9 B375/1875 L: 1.0545",
    "E9 B750/1875 L: 0.5861",
    "E9 B1125/1875 L: 1.0960",
    "E9 B1500/1875 L: 0.7761",
    "E9 END - TrainL: 0.9419, ValAcc: 99.31%, ValL: 0.5388",
    "ZPE: [0.1999, 0.0236, 0.0132, 0.02, 0.0192, 0.2]",
    "--- Epoch 10/30 ---",
    "E10 B375/1875 L: 0.5585",
    "E10 B750/1875 L: 0.5771",
    "E10 B1125/1875 L: 0.9916",
    "E10 B1500/1875 L: 0.7337",
    "E10 END - TrainL: 0.9421, ValAcc: 99.24%, ValL: 0.5301",
    "ZPE: [0.1999, 0.023, 0.0128, 0.0175, 0.0162, 0.2]",
    "--- Epoch 11/30 ---",
    "E11 B375/1875 L: 0.7955",
    "E11 B750/1875 L: 1.2084",
    "E11 B1125/1875 L: 0.6593",
    "E11 B1500/1875 L: 1.2956",
    "E11 END - TrainL: 0.9338, ValAcc: 99.42%, ValL: 0.5310",
    "ZPE: [0.1999, 0.0212, 0.0124, 0.0164, 0.0172, 0.2]",
    "--- Epoch 12/30 ---",
    "E12 B375/1875 L: 1.0685",
    "E12 B750/1875 L: 0.8583",
    "E12 B1125/1875 L: 1.1909",
    "E12 B1500/1875 L: 0.5662",
    "E12 END - TrainL: 0.9249, ValAcc: 99.34%, ValL: 0.5297",
    "ZPE: [0.1999, 0.0188, 0.0115, 0.0145, 0.0179, 0.2]",
    "--- Epoch 13/30 ---",
    "E13 B375/1875 L: 0.6344",
    "E13 B750/1875 L: 0.6244",
    "E13 B1125/1875 L: 1.4016",
    "E13 B1500/1875 L: 0.5756",
    "E13 END - TrainL: 0.9175, ValAcc: 99.37%, ValL: 0.5275",
    "ZPE: [0.1999, 0.0184, 0.0115, 0.014, 0.0153, 0.2]",
    "--- Epoch 14/30 ---",
    "E14 B375/1875 L: 0.7640",
    "E14 B750/1875 L: 1.0563",
    "E14 B1125/1875 L: 0.5383",
    "E14 B1500/1875 L: 0.8280",
    "E14 END - TrainL: 0.9036, ValAcc: 99.39%, ValL: 0.5277",
    "ZPE: [0.1999, 0.0182, 0.014, 0.013, 0.0169, 0.2]",
    "--- Epoch 15/30 ---",
    "E15 B375/1875 L: 0.6634",
    "E15 B750/1875 L: 1.1580",
    "E15 B1125/1875 L: 0.6309",
    "E15 B1500/1875 L: 0.6015",
    "E15 END - TrainL: 0.8893, ValAcc: 99.42%, ValL: 0.5214",
    "ZPE: [0.1999, 0.0147, 0.0104, 0.0127, 0.0143, 0.2]",
    "--- Epoch 16/30 ---",
    "E16 B375/1875 L: 1.3488",
    "E16 B750/1875 L: 1.1597",
    "E16 B1125/1875 L: 0.5193",
    "E16 B1500/1875 L: 0.5214",
    "E16 END - TrainL: 0.8901, ValAcc: 99.40%, ValL: 0.5244",
    "ZPE: [0.1999, 0.0133, 0.01, 0.0097, 0.0149, 0.2]",
    "--- Epoch 17/30 ---",
    "E17 B375/1875 L: 1.0829",
    "E17 B750/1875 L: 0.9184",
    "E17 B1125/1875 L: 0.5291",
    "E17 B1500/1875 L: 0.8620",
    "E17 END - TrainL: 0.8816, ValAcc: 99.45%, ValL: 0.5209",
    "ZPE: [0.1999, 0.0139, 0.0078, 0.0109, 0.0132, 0.2]",
    "--- Epoch 18/30 ---",
    "E18 B375/1875 L: 0.6038",
    "E18 B750/1875 L: 0.5567",
    "E18 B1125/1875 L: 0.7212",
    "E18 B1500/1875 L: 0.9024",
    "E18 END - TrainL: 0.8659, ValAcc: 99.43%, ValL: 0.5227",
    "ZPE: [0.1999, 0.0148, 0.0079, 0.0094, 0.015, 0.2]",
    "--- Epoch 19/30 ---",
    "E19 B375/1875 L: 0.8756",
    "E19 B750/1875 L: 0.5218",
    "E19 B1125/1875 L: 1.3365",
    "E19 B1500/1875 L: 0.8528",
    "E19 END - TrainL: 0.8779, ValAcc: 99.53%, ValL: 0.5268",
    "ZPE: [0.1999, 0.0146, 0.0091, 0.0106, 0.0168, 0.2]",
    "--- Epoch 20/30 ---",
    "E20 B375/1875 L: 0.7656",
    "E20 B750/1875 L: 0.7218",
    "E20 B1125/1875 L: 0.8100",
    "E20 B1500/1875 L: 0.5187",
    "E20 END - TrainL: 0.8647, ValAcc: 99.54%, ValL: 0.5178",
    "ZPE: [0.1999, 0.0144, 0.0092, 0.0081, 0.0144, 0.2]",
    "--- Epoch 21/30 ---",
    "E21 B375/1875 L: 0.8941",
    "E21 B750/1875 L: 1.0882",
    "E21 B1125/1875 L: 0.8810",
    "E21 B1500/1875 L: 1.1451",
    "E21 END - TrainL: 0.8531, ValAcc: 99.50%, ValL: 0.5163",
    "ZPE: [0.1999, 0.0139, 0.0093, 0.0084, 0.0143, 0.2]",
    "--- Epoch 22/30 ---",
    "E22 B375/1875 L: 1.3019",
    "E22 B750/1875 L: 0.5917",
    "E22 B1125/1875 L: 1.1199",
    "E22 B1500/1875 L: 0.5859",
    "E22 END - TrainL: 0.8474, ValAcc: 99.55%, ValL: 0.5183",
    "ZPE: [0.1999, 0.0132, 0.0091, 0.0082, 0.0136, 0.2]",
    "--- Epoch 23/30 ---",
    "E23 B375/1875 L: 0.6408",
    "E23 B750/1875 L: 0.5781",
    "E23 B1125/1875 L: 0.5648",
    "E23 B1500/1875 L: 0.7540",
    "E23 END - TrainL: 0.8356, ValAcc: 99.58%, ValL: 0.5166",
    "ZPE: [0.1999, 0.0135, 0.0086, 0.0083, 0.0141, 0.2]",
    "--- Epoch 24/30 ---",
    "E24 B375/1875 L: 0.5696",
    "E24 B750/1875 L: 1.0877",
    "E24 B1125/1875 L: 0.8215",
    "E24 B1500/1875 L: 1.1704",
    "E24 END - TrainL: 0.8370, ValAcc: 99.60%, ValL: 0.5176",
    "ZPE: [0.1999, 0.0124, 0.007, 0.0073, 0.0125, 0.2]",
    "--- Epoch 25/30 ---",
    "E25 B375/1875 L: 0.7970",
    "E25 B750/1875 L: 1.1596",
    "E25 B1125/1875 L: 1.2556",
    "E25 B1500/1875 L: 0.7830",
    "E25 END - TrainL: 0.8389, ValAcc: 99.57%, ValL: 0.5140",
    "ZPE: [0.1999, 0.0136, 0.008, 0.0079, 0.014, 0.2]",
    "--- Epoch 26/30 ---",
    "E26 B375/1875 L: 0.6193",
    "E26 B750/1875 L: 1.1733",
    "E26 B1125/1875 L: 1.0190",
    "E26 B1500/1875 L: 1.2711",
    "E26 END - TrainL: 0.8329, ValAcc: 99.58%, ValL: 0.5143",
    "ZPE: [0.1999, 0.0126, 0.008, 0.0079, 0.0138, 0.2]",
    "--- Epoch 27/30 ---",
    "E27 B375/1875 L: 0.9332",
    "E27 B750/1875 L: 1.0447",
    "E27 B1125/1875 L: 0.9738",
    "E27 B1500/1875 L: 0.9401",
    "E27 END - TrainL: 0.8348, ValAcc: 99.55%, ValL: 0.5130",
    "ZPE: [0.1999, 0.0143, 0.0087, 0.0082, 0.0142, 0.2]",
    "--- Epoch 28/30 ---",
    "E28 B375/1875 L: 0.5861",
    "E28 B750/1875 L: 0.5258",
