{
  "job_id": "zpe_job_e4240dde",
  "status": "stopped",
  "current_epoch": 16,
  "total_epochs": 40,
  "accuracy": 99.31,
  "loss": 0.44872478698008356,
  "zpe_effects": [
    0.1998872011899948,
    0.00958561897277832,
    0.005573832895606756,
    0.010381079278886318,
    0.008749759756028652,
    0.19999998807907104
  ],
  "log_messages": [
    "Init job: ZPE-Colab-Sim_hnn_step6",
    "Starting PyTorch training: ZPE-Colab-Sim_hnn_step6",
    "Device: cuda",
    "Setting up MNIST dataset...",
    "DataLoaders created. Train: 1875, Val: 313 batches.",
    "Model & Optimizer initialized.",
    "--- Epoch 1/40 ---",
    "E1 B375/1875 L: 1.3981",
    "E1 B750/1875 L: 1.5603",
    "E1 B1125/1875 L: 1.7399",
    "E1 B1500/1875 L: 0.5586",
    "E1 END - TrainL: 1.1593, ValAcc: 98.54%, ValL: 0.4911",
    "ZPE: [0.1999, 0.1632, 0.1139, 0.1133, 0.0932, 0.2]",
    "--- Epoch 2/40 ---",
    "E2 B375/1875 L: 1.2024",
    "E2 B750/1875 L: 1.2712",
    "E2 B1125/1875 L: 0.6809",
    "E2 B1500/1875 L: 1.3578",
    "E2 END - TrainL: 1.0082, ValAcc: 98.95%, ValL: 0.4704",
    "ZPE: [0.1999, 0.1256, 0.0667, 0.0644, 0.043, 0.2]",
    "--- Epoch 3/40 ---",
    "E3 B375/1875 L: 1.5261",
    "E3 B750/1875 L: 0.5925",
    "E3 B1125/1875 L: 0.5569",
    "E3 B1500/1875 L: 1.0677",
    "E3 END - TrainL: 0.9847, ValAcc: 98.64%, ValL: 0.4912",
    "ZPE: [0.1999, 0.0917, 0.0474, 0.0543, 0.0272, 0.2]",
    "--- Epoch 4/40 ---",
    "E4 B375/1875 L: 1.4502",
    "E4 B750/1875 L: 0.6007",
    "E4 B1125/1875 L: 0.6388",
    "E4 B1500/1875 L: 1.3241",
    "E4 END - TrainL: 0.9542, ValAcc: 99.14%, ValL: 0.4607",
    "ZPE: [0.1999, 0.0671, 0.0369, 0.047, 0.0193, 0.2]",
    "--- Epoch 5/40 ---",
    "E5 B375/1875 L: 1.3964",
    "E5 B750/1875 L: 0.6661",
    "E5 B1125/1875 L: 0.5274",
    "E5 B1500/1875 L: 0.9177",
    "E5 END - TrainL: 0.9475, ValAcc: 99.06%, ValL: 0.4667",
    "ZPE: [0.1999, 0.0483, 0.0285, 0.0391, 0.0295, 0.2]",
    "--- Epoch 6/40 ---",
    "E6 B375/1875 L: 1.1681",
    "E6 B750/1875 L: 0.5726",
    "E6 B1125/1875 L: 0.8006",
    "E6 B1500/1875 L: 1.1284",
    "E6 END - TrainL: 0.9292, ValAcc: 99.21%, ValL: 0.4638",
    "ZPE: [0.1999, 0.0392, 0.0254, 0.0344, 0.0251, 0.2]",
    "--- Epoch 7/40 ---",
    "E7 B375/1875 L: 0.5064",
    "E7 B750/1875 L: 1.2468",
    "E7 B1125/1875 L: 0.5354",
    "E7 B1500/1875 L: 1.3094",
    "E7 END - TrainL: 0.9200, ValAcc: 98.96%, ValL: 0.4738",
    "ZPE: [0.1999, 0.0301, 0.0179, 0.0299, 0.0216, 0.2]",
    "--- Epoch 8/40 ---",
    "E8 B375/1875 L: 1.0487",
    "E8 B750/1875 L: 1.3572",
    "E8 B1125/1875 L: 0.6848",
    "E8 B1500/1875 L: 0.6359",
    "E8 END - TrainL: 0.9111, ValAcc: 99.21%, ValL: 0.4883",
    "ZPE: [0.1999, 0.0221, 0.018, 0.023, 0.0224, 0.1996]",
    "--- Epoch 9/40 ---",
    "E9 B375/1875 L: 1.3554",
    "E9 B750/1875 L: 0.9090",
    "E9 B1125/1875 L: 1.2364",
    "E9 B1500/1875 L: 0.5538",
    "E9 END - TrainL: 0.9022, ValAcc: 99.42%, ValL: 0.4565",
    "ZPE: [0.1999, 0.0173, 0.0161, 0.0174, 0.0189, 0.2]",
    "--- Epoch 10/40 ---",
    "E10 B375/1875 L: 0.6499",
    "E10 B750/1875 L: 0.9917",
    "E10 B1125/1875 L: 0.5633",
    "E10 B1500/1875 L: 1.2769",
    "E10 END - TrainL: 0.9038, ValAcc: 99.40%, ValL: 0.4543",
    "ZPE: [0.1999, 0.0187, 0.0158, 0.0207, 0.0174, 0.2]",
    "--- Epoch 11/40 ---",
    "E11 B375/1875 L: 1.3962",
    "E11 B750/1875 L: 1.0798",
    "E11 B1125/1875 L: 1.2355",
    "E11 B1500/1875 L: 1.1108",
    "E11 END - TrainL: 0.8945, ValAcc: 99.45%, ValL: 0.4554",
    "ZPE: [0.1999, 0.0166, 0.0114, 0.0151, 0.0158, 0.2]",
    "--- Epoch 12/40 ---",
    "E12 B375/1875 L: 1.2448",
    "E12 B750/1875 L: 0.4939",
    "E12 B1125/1875 L: 0.6928",
    "E12 B1500/1875 L: 0.9058",
    "E12 END - TrainL: 0.8780, ValAcc: 99.35%, ValL: 0.4515",
    "ZPE: [0.1999, 0.0122, 0.0128, 0.0144, 0.0172, 0.2]",
    "--- Epoch 13/40 ---",
    "E13 B375/1875 L: 1.0097",
    "E13 B750/1875 L: 0.8849",
    "E13 B1125/1875 L: 1.4197",
    "E13 B1500/1875 L: 0.4429",
    "E13 END - TrainL: 0.8587, ValAcc: 99.32%, ValL: 0.4472",
    "ZPE: [0.1999, 0.0108, 0.01, 0.0128, 0.0159, 0.2]",
    "--- Epoch 14/40 ---",
    "E14 B375/1875 L: 1.1710",
    "E14 B750/1875 L: 0.7505",
    "E14 B1125/1875 L: 0.4692",
    "E14 B1500/1875 L: 0.5473",
    "E14 END - TrainL: 0.8570, ValAcc: 99.20%, ValL: 0.4757",
    "ZPE: [0.1999, 0.0119, 0.0111, 0.0132, 0.0161, 0.2]",
    "--- Epoch 15/40 ---",
    "E15 B375/1875 L: 1.4269",
    "E15 B750/1875 L: 0.5163",
    "E15 B1125/1875 L: 0.7569",
    "E15 B1500/1875 L: 0.9264",
    "E15 END - TrainL: 0.8356, ValAcc: 99.29%, ValL: 0.4474",
    "ZPE: [0.1999, 0.0091, 0.0077, 0.0102, 0.0136, 0.2]",
    "--- Epoch 16/40 ---",
    "E16 B375/1875 L: 1.0187",
    "E16 B750/1875 L: 0.8398",
    "E16 B1125/1875 L: 1.0952",
    "E16 B1500/1875 L: 0.4641",
    "E16 END - TrainL: 0.8377, ValAcc: 99.31%, ValL: 0.4487",
    "ZPE: [0.1999, 0.0096, 0.0056, 0.0104, 0.0087, 0.2]",
    "--- Epoch 17/40 ---",
    "Stop request received."
  ],
  "parameters": {
    "totalEpochs": 40,
    "batchSize": 32,
    "learningRate": 0.0011,
    "weightDecay": 0.0001,
    "momentumParams": [
      0.92,
      0.86,
      0.81,
      0.75,
      0.44,
      0.7
    ],
    "strengthParams": [
      0.25,
      0.62,
      0.48,
      0.67,
      0.44,
      0.5
    ],
    "noiseParams": [
      0.18,
      0.28,
      0.26,
      0.45,
      0.3,
      0.25
    ],
    "couplingParams": [
      0.8,
      0.88,
      0.85,
      0.82,
      0.79,
      0.65
    ],
    "quantumCircuitSize": 32,
    "labelSmoothing": 0.08,
    "quantumMode": true,
    "modelName": "ZPE-Colab-Sim_hnn_step6",
    "baseConfigId": "zpe_job_c03f31a9"
  },
  "start_time": "2025-06-06T11:57:24.067364",
  "end_time": null,
  "gpu_info": {
    "id": "0",
    "name": "NVIDIA GeForce RTX 3050 6GB Laptop GPU",
    "utilization_gpu_percent": 96.0,
    "utilization_memory_io_percent": 87.0,
    "memory_total_mb": 6144.0,
    "memory_used_mb": 624.875,
    "memory_free_mb": 5519.125,
    "memory_used_percent": 10.170491536458334,
    "temperature_c": 57.0,
    "power_draw_w": 21.8,
    "fan_speed_percent": null
  }
}