{
  "job_id": "zpe_job_87d65a71",
  "status": "completed",
  "current_epoch": 30,
  "total_epochs": 30,
  "accuracy": 99.57,
  "loss": 0.5146730460297947,
  "zpe_effects": [
    0.1998872011899948,
    0.01749040000140667,
    0.009650456719100475,
    0.010883104987442493,
    0.013563192449510098,
    0.19999998807907104
  ],
  "log_messages": [
    "Init job: ZPE-QuantumWeaver-V1",
    "Starting PyTorch training: ZPE-QuantumWeaver-V1",
    "Device: cuda",
    "Setting up MNIST dataset...",
    "DataLoaders created. Train: 1875, Val: 313 batches.",
    "Model & Optimizer initialized.",
    "--- Epoch 1/30 ---",
    "E1 B375/1875 L: 1.5742",
    "E1 B750/1875 L: 1.3770",
    "E1 B1125/1875 L: 0.6964",
    "E1 B1500/1875 L: 1.0862",
    "E1 END - TrainL: 1.2169, ValAcc: 98.39%, ValL: 0.5862",
    "ZPE: [0.1999, 0.1418, 0.0979, 0.1186, 0.1028, 0.1998]",
    "--- Epoch 2/30 ---",
    "E2 B375/1875 L: 1.6318",
    "E2 B750/1875 L: 1.1386",
    "E2 B1125/1875 L: 1.2771",
    "E2 B1500/1875 L: 1.4812",
    "E2 END - TrainL: 1.0809, ValAcc: 98.81%, ValL: 0.5611",
    "ZPE: [0.1999, 0.1091, 0.0771, 0.0963, 0.0568, 0.2]",
    "--- Epoch 3/30 ---",
    "E3 B375/1875 L: 0.9523",
    "E3 B750/1875 L: 0.6955",
    "E3 B1125/1875 L: 1.3139",
    "E3 B1500/1875 L: 0.6014",
    "E3 END - TrainL: 1.0421, ValAcc: 99.00%, ValL: 0.5400",
    "ZPE: [0.1999, 0.0864, 0.0499, 0.055, 0.0247, 0.2]",
    "--- Epoch 4/30 ---",
    "E4 B375/1875 L: 0.9116",
    "E4 B750/1875 L: 1.0199",
    "E4 B1125/1875 L: 0.9164",
    "E4 B1500/1875 L: 0.7474",
    "E4 END - TrainL: 1.0226, ValAcc: 98.91%, ValL: 0.5741",
    "ZPE: [0.1999, 0.0672, 0.0401, 0.0457, 0.0292, 0.2]",
    "--- Epoch 5/30 ---",
    "E5 B375/1875 L: 0.6528",
    "E5 B750/1875 L: 0.7002",
    "E5 B1125/1875 L: 1.5866",
    "E5 B1500/1875 L: 1.0704",
    "E5 END - TrainL: 1.0121, ValAcc: 99.21%, ValL: 0.5520",
    "ZPE: [0.1999, 0.0524, 0.0348, 0.0294, 0.0232, 0.2]",
    "--- Epoch 6/30 ---",
    "E6 B375/1875 L: 0.6001",
    "E6 B750/1875 L: 0.7204",
    "E6 B1125/1875 L: 0.6222",
    "E6 B1500/1875 L: 0.6709",
    "E6 END - TrainL: 0.9938, ValAcc: 99.09%, ValL: 0.5526",
    "ZPE: [0.1999, 0.0406, 0.0217, 0.0288, 0.019, 0.2]",
    "--- Epoch 7/30 ---",
    "E7 B375/1875 L: 0.7073",
    "E7 B750/1875 L: 1.3254",
    "E7 B1125/1875 L: 0.9765",
    "E7 B1500/1875 L: 0.6871",
    "E7 END - TrainL: 0.9686, ValAcc: 98.17%, ValL: 0.5950",
    "ZPE: [0.1999, 0.0373, 0.0242, 0.0216, 0.027, 0.1842]",
    "--- Epoch 8/30 ---",
    "E8 B375/1875 L: 0.6839",
    "E8 B750/1875 L: 0.7542",
    "E8 B1125/1875 L: 0.6213",
    "E8 B1500/1875 L: 1.3327",
    "E8 END - TrainL: 0.9630, ValAcc: 99.17%, ValL: 0.5565",
    "ZPE: [0.1999, 0.032, 0.0222, 0.0252, 0.0231, 0.2]",
    "--- Epoch 9/30 ---",
    "E9 B375/1875 L: 0.6488",
    "E9 B750/1875 L: 1.3711",
    "E9 B1125/1875 L: 1.2803",
    "E9 B1500/1875 L: 1.1323",
    "E9 END - TrainL: 0.9701, ValAcc: 99.31%, ValL: 0.5355",
    "ZPE: [0.1999, 0.0245, 0.016, 0.0173, 0.0212, 0.2]",
    "--- Epoch 10/30 ---",
    "E10 B375/1875 L: 1.0062",
    "E10 B750/1875 L: 1.1451",
    "E10 B1125/1875 L: 0.5490",
    "E10 B1500/1875 L: 0.9187",
    "E10 END - TrainL: 0.9369, ValAcc: 99.17%, ValL: 0.5568",
    "ZPE: [0.1999, 0.0227, 0.0145, 0.015, 0.0151, 0.2]",
    "--- Epoch 11/30 ---",
    "E11 B375/1875 L: 1.1306",
    "E11 B750/1875 L: 0.6490",
    "E11 B1125/1875 L: 1.1333",
    "E11 B1500/1875 L: 1.2906",
    "E11 END - TrainL: 0.9386, ValAcc: 99.23%, ValL: 0.5285",
    "ZPE: [0.1999, 0.019, 0.0137, 0.0172, 0.0193, 0.2]",
    "--- Epoch 12/30 ---",
    "E12 B375/1875 L: 1.4670",
    "E12 B750/1875 L: 0.5426",
    "E12 B1125/1875 L: 1.4400",
    "E12 B1500/1875 L: 1.2922",
    "E12 END - TrainL: 0.9302, ValAcc: 99.32%, ValL: 0.5219",
    "ZPE: [0.1999, 0.0183, 0.0091, 0.017, 0.0146, 0.2]",
    "--- Epoch 13/30 ---",
    "E13 B375/1875 L: 1.0231",
    "E13 B750/1875 L: 1.0907",
    "E13 B1125/1875 L: 0.5463",
    "E13 B1500/1875 L: 0.6389",
    "E13 END - TrainL: 0.9155, ValAcc: 99.11%, ValL: 0.5427",
    "ZPE: [0.1999, 0.021, 0.0131, 0.0171, 0.0177, 0.2]",
    "--- Epoch 14/30 ---",
    "E14 B375/1875 L: 0.6966",
    "E14 B750/1875 L: 0.9604",
    "E14 B1125/1875 L: 0.9124",
    "E14 B1500/1875 L: 1.2785",
    "E14 END - TrainL: 0.9127, ValAcc: 99.38%, ValL: 0.5317",
    "ZPE: [0.1999, 0.0155, 0.0104, 0.0126, 0.0155, 0.2]",
    "--- Epoch 15/30 ---",
    "E15 B375/1875 L: 0.7136",
    "E15 B750/1875 L: 0.8877",
    "E15 B1125/1875 L: 0.7185",
    "E15 B1500/1875 L: 1.1115",
    "E15 END - TrainL: 0.8955, ValAcc: 99.39%, ValL: 0.5328",
    "ZPE: [0.1999, 0.0156, 0.0098, 0.0105, 0.0136, 0.2]",
    "--- Epoch 16/30 ---",
    "E16 B375/1875 L: 0.6823",
    "E16 B750/1875 L: 1.2828",
    "E16 B1125/1875 L: 1.2350",
    "E16 B1500/1875 L: 0.6152",
    "E16 END - TrainL: 0.8909, ValAcc: 99.41%, ValL: 0.5232",
    "ZPE: [0.1999, 0.0154, 0.0098, 0.0105, 0.0142, 0.2]",
    "--- Epoch 17/30 ---",
    "E17 B375/1875 L: 1.0719",
    "E17 B750/1875 L: 0.6697",
    "E17 B1125/1875 L: 0.8080",
    "E17 B1500/1875 L: 0.7945",
    "E17 END - TrainL: 0.8760, ValAcc: 99.55%, ValL: 0.5266",
    "ZPE: [0.1999, 0.0164, 0.0084, 0.0115, 0.0152, 0.2]",
    "--- Epoch 18/30 ---",
    "E18 B375/1875 L: 1.3784",
    "E18 B750/1875 L: 0.6924",
    "E18 B1125/1875 L: 0.8378",
    "E18 B1500/1875 L: 1.0450",
    "E18 END - TrainL: 0.8803, ValAcc: 99.46%, ValL: 0.5239",
    "ZPE: [0.1999, 0.0142, 0.008, 0.0102, 0.0129, 0.2]",
    "--- Epoch 19/30 ---",
    "E19 B375/1875 L: 0.5253",
    "E19 B750/1875 L: 0.8969",
    "E19 B1125/1875 L: 0.5796",
    "E19 B1500/1875 L: 1.2492",
    "E19 END - TrainL: 0.8726, ValAcc: 99.42%, ValL: 0.5278",
    "ZPE: [0.1999, 0.0127, 0.0072, 0.0091, 0.0127, 0.2]",
    "--- Epoch 20/30 ---",
    "E20 B375/1875 L: 0.9463",
    "E20 B750/1875 L: 0.6211",
    "E20 B1125/1875 L: 0.5285",
    "E20 B1500/1875 L: 1.1837",
    "E20 END - TrainL: 0.8583, ValAcc: 99.37%, ValL: 0.5233",
    "ZPE: [0.1999, 0.0136, 0.0084, 0.0087, 0.0125, 0.2]",
    "--- Epoch 21/30 ---",
    "E21 B375/1875 L: 1.0272",
    "E21 B750/1875 L: 1.0225",
    "E21 B1125/1875 L: 1.0031",
    "E21 B1500/1875 L: 1.1387",
    "E21 END - TrainL: 0.8589, ValAcc: 99.59%, ValL: 0.5245",
    "ZPE: [0.1999, 0.0149, 0.0079, 0.0103, 0.0134, 0.2]",
    "--- Epoch 22/30 ---",
    "E22 B375/1875 L: 0.5635",
    "E22 B750/1875 L: 0.5708",
    "E22 B1125/1875 L: 0.8230",
    "E22 B1500/1875 L: 1.2277",
    "E22 END - TrainL: 0.8428, ValAcc: 99.59%, ValL: 0.5151",
    "ZPE: [0.1999, 0.0125, 0.0061, 0.0081, 0.0119, 0.2]",
    "--- Epoch 23/30 ---",
    "E23 B375/1875 L: 0.6297",
    "E23 B750/1875 L: 0.6475",
    "E23 B1125/1875 L: 0.7029",
    "E23 B1500/1875 L: 0.7501",
    "E23 END - TrainL: 0.8511, ValAcc: 99.50%, ValL: 0.5197",
    "ZPE: [0.1999, 0.0161, 0.0082, 0.0098, 0.0139, 0.2]",
    "--- Epoch 24/30 ---",
    "E24 B375/1875 L: 1.2593",
    "E24 B750/1875 L: 1.4650",
    "E24 B1125/1875 L: 1.1154",
    "E24 B1500/1875 L: 0.8067",
    "E24 END - TrainL: 0.8431, ValAcc: 99.57%, ValL: 0.5200",
    "ZPE: [0.1999, 0.0141, 0.0078, 0.0089, 0.0119, 0.2]",
    "--- Epoch 25/30 ---",
    "E25 B375/1875 L: 1.0388",
    "E25 B750/1875 L: 0.9268",
    "E25 B1125/1875 L: 0.9014",
    "E25 B1500/1875 L: 0.5254",
    "E25 END - TrainL: 0.8490, ValAcc: 99.59%, ValL: 0.5172",
    "ZPE: [0.1999, 0.0125, 0.007, 0.0082, 0.0118, 0.2]",
    "--- Epoch 26/30 ---",
    "E26 B375/1875 L: 1.0897",
    "E26 B750/1875 L: 0.7835",
    "E26 B1125/1875 L: 0.8687",
    "E26 B1500/1875 L: 0.8892",
    "E26 END - TrainL: 0.8343, ValAcc: 99.62%, ValL: 0.5161",
    "ZPE: [0.1999, 0.015, 0.0077, 0.0093, 0.0125, 0.2]",
    "--- Epoch 27/30 ---",
    "E27 B375/1875 L: 0.5705",
    "E27 B750/1875 L: 0.9625",
    "E27 B1125/1875 L: 1.1922",
    "E27 B1500/1875 L: 0.6209",
    "E27 END - TrainL: 0.8385, ValAcc: 99.57%, ValL: 0.5151",
    "ZPE: [0.1999, 0.0164, 0.0085, 0.0105, 0.0126, 0.2]",
    "--- Epoch 28/30 ---",
    "E28 B375/1875 L: 1.1333",
    "E28 B750/1875 L: 0.7204",
