{
  "job_id": "zpe_job_8a163662",
  "status": "stopped",
  "current_epoch": 4,
  "total_epochs": 30,
  "accuracy": 98.97,
  "loss": 1.3753163814544678,
  "zpe_effects": [
    0.19999998807907104,
    0.10461423546075821,
    0.06497935205698013,
    0.0716378316283226,
    0.02760016918182373,
    0.19999998807907104
  ],
  "log_messages": [
    "Init job: ZPE-Colab-Sim_hnn_step4",
    "Starting PyTorch training: ZPE-Colab-Sim_hnn_step4",
    "Device: cuda",
    "Setting up MNIST dataset...",
    "DataLoaders created. Train: 1875, Val: 313 batches.",
    "Model & Optimizer initialized.",
    "--- Epoch 1/30 ---",
    "E1 B375/1875 L: 0.9493",
    "E1 B750/1875 L: 1.7234",
    "E1 B1125/1875 L: 1.5736",
    "E1 B1500/1875 L: 1.4495",
    "E1 END - TrainL: 1.1949, ValAcc: 98.38%, ValL: 0.5697",
    "ZPE: [0.1999, 0.1862, 0.1163, 0.1474, 0.0615, 0.2]",
    "--- Epoch 2/30 ---",
    "E2 B375/1875 L: 1.0041",
    "E2 B750/1875 L: 0.6550",
    "E2 B1125/1875 L: 1.1607",
    "E2 B1500/1875 L: 0.7443",
    "E2 END - TrainL: 1.0769, ValAcc: 98.46%, ValL: 0.5894",
    "ZPE: [0.1999, 0.149, 0.0908, 0.1001, 0.0731, 0.1879]",
    "--- Epoch 3/30 ---",
    "E3 B375/1875 L: 1.3480",
    "E3 B750/1875 L: 1.5265",
    "E3 B1125/1875 L: 1.2091",
    "E3 B1500/1875 L: 0.6565",
    "E3 END - TrainL: 1.0425, ValAcc: 98.97%, ValL: 0.5609",
    "ZPE: [0.1999, 0.1168, 0.0677, 0.0925, 0.034, 0.1938]",
    "--- Epoch 4/30 ---",
    "E4 B375/1875 L: 0.7575",
    "E4 B750/1875 L: 1.3753",
    "Stop request received."
  ],
  "parameters": {
    "totalEpochs": 30,
    "batchSize": 32,
    "learningRate": 0.001,
    "weightDecay": 1.2567843546879078e-06,
    "momentumParams": [
      0.9,
      0.85,
      0.8,
      0.74,
      0.43,
      0.65
    ],
    "strengthParams": [
      0.15,
      0.55,
      0.41,
      0.6,
      0.37,
      0.4
    ],
    "noiseParams": [
      0.18,
      0.28,
      0.26,
      0.45,
      0.3,
      0.25
    ],
    "quantumCircuitSize": 32,
    "labelSmoothing": 0.1,
    "quantumMode": true,
    "modelName": "ZPE-Colab-Sim_hnn_step4",
    "baseConfigId": "zpe_job_5386902b"
  },
  "start_time": "2025-06-02T16:31:57.229861",
  "end_time": null,
  "gpu_info": {
    "id": "0",
    "name": "NVIDIA GeForce RTX 3050 6GB Laptop GPU",
    "utilization_gpu_percent": 94.0,
    "utilization_memory_io_percent": 87.0,
    "memory_total_mb": 6144.0,
    "memory_used_mb": 766.875,
    "memory_free_mb": 5377.125,
    "memory_used_percent": 12.481689453125,
    "temperature_c": 65.0,
    "power_draw_w": 34.945
  }
}