{
  "job_id": "zpe_job_736effe0",
  "status": "stopped",
  "current_epoch": 5,
  "zpe_history": [
    {
      "epoch": 1,
      "zpe_effects": [
        0.1998872011899948,
        0.133395716547966,
        0.09117700904607773,
        0.11634644120931625,
        0.060958780348300934,
        0.19999998807907104
      ]
    },
    {
      "epoch": 2,
      "zpe_effects": [
        0.1998872011899948,
        0.09704480320215225,
        0.08295698463916779,
        0.06490530073642731,
        0.0939939022064209,
        0.19999998807907104
      ]
    },
    {
      "epoch": 3,
      "zpe_effects": [
        0.1998872011899948,
        0.06898088753223419,
        0.05260394886136055,
        0.07239287346601486,
        0.034606482833623886,
        0.19999998807907104
      ]
    },
    {
      "epoch": 4,
      "zpe_effects": [
        0.1998872011899948,
        0.05737793445587158,
        0.04124772548675537,
        0.06642057746648788,
        0.055123019963502884,
        0.19990824162960052
      ]
    }
  ],
  "total_epochs": 60,
  "accuracy": 99.05,
  "loss": 0.6595315337181091,
  "zpe_effects": [
    0.19999998807907104,
    0.034960031509399414,
    0.03970370441675186,
    0.0337606780230999,
    0.02241450548171997,
    0.19999998807907104
  ],
  "log_messages": [
    "Init job: ZPE-Colab-Sim_hnn_step8",
    "Starting PyTorch training: ZPE-Colab-Sim_hnn_step8",
    "Device: cuda",
    "Setting up MNIST dataset...",
    "DataLoaders created. Train: 1875, Val: 313 batches.",
    "Model & Optimizer initialized.",
    "--- Epoch 1/60 ---",
    "E1 B375/1875 L: 0.6047",
    "E1 B750/1875 L: 0.7542",
    "E1 B1125/1875 L: 1.5652",
    "E1 B1500/1875 L: 0.9060",
    "E1 END - TrainL: 1.1761, ValAcc: 98.60%, ValL: 0.4998",
    "ZPE: ['0.1999', '0.1334', '0.0912', '0.1163', '0.0610', '0.2000']",
    "--- Epoch 2/60 ---",
    "E2 B375/1875 L: 1.6571",
    "E2 B750/1875 L: 1.5686",
    "E2 B1125/1875 L: 0.5394",
    "E2 B1500/1875 L: 1.4894",
    "E2 END - TrainL: 1.0348, ValAcc: 98.14%, ValL: 0.5359",
    "ZPE: ['0.1999', '0.0970', '0.0830', '0.0649', '0.0940', '0.2000']",
    "--- Epoch 3/60 ---",
    "E3 B375/1875 L: 1.1979",
    "E3 B750/1875 L: 1.0850",
    "E3 B1125/1875 L: 0.7559",
    "E3 B1500/1875 L: 1.3758",
    "E3 END - TrainL: 1.0141, ValAcc: 98.89%, ValL: 0.4738",
    "ZPE: ['0.1999', '0.0690', '0.0526', '0.0724', '0.0346', '0.2000']",
    "--- Epoch 4/60 ---",
    "E4 B375/1875 L: 0.9525",
    "E4 B750/1875 L: 1.5551",
    "E4 B1125/1875 L: 0.5212",
    "E4 B1500/1875 L: 1.3041",
    "E4 END - TrainL: 0.9834, ValAcc: 99.05%, ValL: 0.4986",
    "ZPE: ['0.1999', '0.0574', '0.0412', '0.0664', '0.0551', '0.1999']",
    "--- Epoch 5/60 ---",
    "E5 B375/1875 L: 1.4430",
    "E5 B750/1875 L: 0.5759",
    "E5 B1125/1875 L: 0.6595",
    "Stop request received."
  ],
  "parameters": {
    "totalEpochs": 60,
    "batchSize": 32,
    "learningRate": 0.0013,
    "weightDecay": 1.2567843546879078e-05,
    "momentumParams": [
      0.96,
      0.85,
      0.78,
      0.72,
      0.41,
      0.75
    ],
    "strengthParams": [
      0.18,
      0.54,
      0.4,
      0.59,
      0.36,
      0.43
    ],
    "noiseParams": [
      0.14,
      0.24,
      0.22,
      0.41,
      0.26,
      0.21
    ],
    "couplingParams": [
      0.82,
      0.87,
      0.84,
      0.81,
      0.78,
      0.67
    ],
    "quantumCircuitSize": 32,
    "labelSmoothing": 0.08,
    "quantumMode": true,
    "modelName": "ZPE-Colab-Sim_hnn_step8",
    "baseConfigId": "zpe_job_169cda4c"
  },
  "start_time": "2025-06-07T19:46:57.180523",
  "end_time": null,
  "gpu_info": {
    "id": "0",
    "name": "NVIDIA GeForce RTX 3050 6GB Laptop GPU",
    "utilization_gpu_percent": 70.0,
    "utilization_memory_io_percent": 62.0,
    "memory_total_mb": 6144.0,
    "memory_used_mb": 624.875,
    "memory_free_mb": 5519.125,
    "memory_used_percent": 10.170491536458334,
    "temperature_c": 75.0,
    "power_draw_w": 34.752,
    "fan_speed_percent": null
  }
}