{
  "job_id": "zpe_job_f43caf44",
  "status": "completed",
  "current_epoch": 30,
  "total_epochs": 30,
  "accuracy": 99.61,
  "loss": 0.514891039449186,
  "zpe_effects": [
    0.1998872011899948,
    0.010798359289765358,
    0.009198046289384365,
    0.008590626530349255,
    0.012314701452851295,
    0.19999998807907104
  ],
  "log_messages": [
    "Init job: ZPE-Colab-Sim",
    "Starting PyTorch training: ZPE-Colab-Sim",
    "Device: cuda",
    "Setting up MNIST dataset...",
    "DataLoaders created. Train: 1875, Val: 313 batches.",
    "Model & Optimizer initialized.",
    "--- Epoch 1/30 ---",
    "E1 B375/1875 L: 1.2380",
    "E1 B750/1875 L: 1.2084",
    "E1 B1125/1875 L: 1.5283",
    "E1 B1500/1875 L: 0.8807",
    "E1 END - TrainL: 1.2115, ValAcc: 98.63%, ValL: 0.5742",
    "ZPE: [0.1999, 0.122, 0.1115, 0.1415, 0.0995, 0.2]",
    "--- Epoch 2/30 ---",
    "E2 B375/1875 L: 1.5834",
    "E2 B750/1875 L: 0.7536",
    "E2 B1125/1875 L: 0.5814",
    "E2 B1500/1875 L: 0.7896",
    "E2 END - TrainL: 1.0768, ValAcc: 98.88%, ValL: 0.5600",
    "ZPE: [0.1999, 0.0928, 0.084, 0.0773, 0.0506, 0.2]",
    "--- Epoch 3/30 ---",
    "E3 B375/1875 L: 0.8706",
    "E3 B750/1875 L: 1.6724",
    "E3 B1125/1875 L: 0.6360",
    "E3 B1500/1875 L: 1.2840",
    "E3 END - TrainL: 1.0361, ValAcc: 98.76%, ValL: 0.5787",
    "ZPE: [0.1999, 0.0748, 0.0638, 0.0643, 0.0471, 0.2]",
    "--- Epoch 4/30 ---",
    "E4 B375/1875 L: 1.0129",
    "E4 B750/1875 L: 1.4947",
    "E4 B1125/1875 L: 0.8170",
    "E4 B1500/1875 L: 1.5984",
    "E4 END - TrainL: 1.0229, ValAcc: 99.01%, ValL: 0.5566",
    "ZPE: [0.1999, 0.0523, 0.0491, 0.0455, 0.0308, 0.2]",
    "--- Epoch 5/30 ---",
    "E5 B375/1875 L: 0.7709",
    "E5 B750/1875 L: 0.7142",
    "E5 B1125/1875 L: 0.7001",
    "E5 B1500/1875 L: 1.0804",
    "E5 END - TrainL: 0.9918, ValAcc: 98.96%, ValL: 0.5551",
    "ZPE: [0.1999, 0.0431, 0.0346, 0.0288, 0.0212, 0.2]",
    "--- Epoch 6/30 ---",
    "E6 B375/1875 L: 1.2097",
    "E6 B750/1875 L: 1.0450",
    "E6 B1125/1875 L: 1.2364",
    "E6 B1500/1875 L: 1.2642",
    "E6 END - TrainL: 0.9764, ValAcc: 99.19%, ValL: 0.5476",
    "ZPE: [0.1999, 0.041, 0.0344, 0.0305, 0.0253, 0.2]",
    "--- Epoch 7/30 ---",
    "E7 B375/1875 L: 0.5439",
    "E7 B750/1875 L: 1.0604",
    "E7 B1125/1875 L: 1.2321",
    "E7 B1500/1875 L: 0.5350",
    "E7 END - TrainL: 0.9724, ValAcc: 99.34%, ValL: 0.5373",
    "ZPE: [0.1999, 0.0303, 0.0274, 0.0255, 0.0248, 0.2]",
    "--- Epoch 8/30 ---",
    "E8 B375/1875 L: 0.9058",
    "E8 B750/1875 L: 0.7921",
    "E8 B1125/1875 L: 1.4924",
    "E8 B1500/1875 L: 0.9290",
    "E8 END - TrainL: 0.9458, ValAcc: 99.03%, ValL: 0.5488",
    "ZPE: [0.1999, 0.0269, 0.0229, 0.0235, 0.0198, 0.2]",
    "--- Epoch 9/30 ---",
    "E9 B375/1875 L: 1.4998",
    "E9 B750/1875 L: 1.1165",
    "E9 B1125/1875 L: 1.0762",
    "E9 B1500/1875 L: 1.3183",
    "E9 END - TrainL: 0.9575, ValAcc: 99.20%, ValL: 0.5382",
    "ZPE: [0.1999, 0.0223, 0.0228, 0.0237, 0.0177, 0.2]",
    "--- Epoch 10/30 ---",
    "E10 B375/1875 L: 0.6592",
    "E10 B750/1875 L: 1.1505",
    "E10 B1125/1875 L: 0.7626",
    "E10 B1500/1875 L: 0.7693",
    "E10 END - TrainL: 0.9458, ValAcc: 99.07%, ValL: 0.5763",
    "ZPE: [0.1999, 0.0214, 0.0167, 0.0188, 0.0141, 0.1801]",
    "--- Epoch 11/30 ---",
    "E11 B375/1875 L: 1.1696",
    "E11 B750/1875 L: 1.4813",
    "E11 B1125/1875 L: 1.1856",
    "E11 B1500/1875 L: 0.7165",
    "E11 END - TrainL: 0.9360, ValAcc: 99.34%, ValL: 0.5341",
    "ZPE: [0.1999, 0.0203, 0.0175, 0.0179, 0.0161, 0.2]",
    "--- Epoch 12/30 ---",
    "E12 B375/1875 L: 0.5661",
    "E12 B750/1875 L: 1.3670",
    "E12 B1125/1875 L: 0.6250",
    "E12 B1500/1875 L: 0.9772",
    "E12 END - TrainL: 0.9198, ValAcc: 99.28%, ValL: 0.5608",
    "ZPE: [0.1999, 0.0172, 0.0137, 0.0174, 0.0137, 0.1942]",
    "--- Epoch 13/30 ---",
    "E13 B375/1875 L: 0.6281",
    "E13 B750/1875 L: 0.9965",
    "E13 B1125/1875 L: 0.8657",
    "E13 B1500/1875 L: 1.2697",
    "E13 END - TrainL: 0.9184, ValAcc: 99.39%, ValL: 0.5340",
    "ZPE: [0.1999, 0.0146, 0.0124, 0.0158, 0.0193, 0.2]",
    "--- Epoch 14/30 ---",
    "E14 B375/1875 L: 0.6328",
    "E14 B750/1875 L: 1.3845",
    "E14 B1125/1875 L: 0.9469",
    "E14 B1500/1875 L: 0.8494",
    "E14 END - TrainL: 0.8977, ValAcc: 99.34%, ValL: 0.5380",
    "ZPE: [0.1999, 0.0146, 0.0141, 0.0128, 0.0124, 0.2]",
    "--- Epoch 15/30 ---",
    "E15 B375/1875 L: 0.8041",
    "E15 B750/1875 L: 1.1048",
    "E15 B1125/1875 L: 1.0215",
    "E15 B1500/1875 L: 0.7757",
    "E15 END - TrainL: 0.9048, ValAcc: 99.44%, ValL: 0.5241",
    "ZPE: [0.1999, 0.0136, 0.011, 0.0121, 0.015, 0.2]",
    "--- Epoch 16/30 ---",
    "E16 B375/1875 L: 0.5232",
    "E16 B750/1875 L: 0.5184",
    "E16 B1125/1875 L: 1.0069",
    "E16 B1500/1875 L: 0.7372",
    "E16 END - TrainL: 0.8912, ValAcc: 99.41%, ValL: 0.5277",
    "ZPE: [0.1999, 0.0129, 0.0089, 0.0137, 0.0139, 0.2]",
    "--- Epoch 17/30 ---",
    "E17 B375/1875 L: 0.6253",
    "E17 B750/1875 L: 0.6773",
    "E17 B1125/1875 L: 0.6232",
    "E17 B1500/1875 L: 1.0563",
    "E17 END - TrainL: 0.8885, ValAcc: 99.42%, ValL: 0.5250",
    "ZPE: [0.1999, 0.0126, 0.0128, 0.0129, 0.0147, 0.2]",
    "--- Epoch 18/30 ---",
    "E18 B375/1875 L: 0.8133",
    "E18 B750/1875 L: 0.6085",
    "E18 B1125/1875 L: 0.9183",
    "E18 B1500/1875 L: 1.1834",
    "E18 END - TrainL: 0.8717, ValAcc: 99.46%, ValL: 0.5232",
    "ZPE: [0.1999, 0.0121, 0.0087, 0.0111, 0.0132, 0.2]",
    "--- Epoch 19/30 ---",
    "E19 B375/1875 L: 0.8690",
    "E19 B750/1875 L: 1.2136",
    "E19 B1125/1875 L: 1.2387",
    "E19 B1500/1875 L: 0.5386",
    "E19 END - TrainL: 0.8690, ValAcc: 99.45%, ValL: 0.5202",
    "ZPE: [0.1999, 0.0115, 0.0095, 0.01, 0.0123, 0.2]",
    "--- Epoch 20/30 ---",
    "E20 B375/1875 L: 0.9608",
    "E20 B750/1875 L: 1.0378",
    "E20 B1125/1875 L: 0.5458",
    "E20 B1500/1875 L: 1.0211",
    "E20 END - TrainL: 0.8576, ValAcc: 99.45%, ValL: 0.5248",
    "ZPE: [0.1999, 0.0135, 0.0104, 0.0117, 0.0143, 0.2]",
    "--- Epoch 21/30 ---",
    "E21 B375/1875 L: 0.5139",
    "E21 B750/1875 L: 0.5405",
    "E21 B1125/1875 L: 0.8790",
    "E21 B1500/1875 L: 0.5955",
    "E21 END - TrainL: 0.8538, ValAcc: 99.55%, ValL: 0.5219",
    "ZPE: [0.1999, 0.011, 0.0094, 0.0094, 0.0146, 0.2]",
    "--- Epoch 22/30 ---",
    "E22 B375/1875 L: 1.0388",
    "E22 B750/1875 L: 0.5829",
    "E22 B1125/1875 L: 0.8044",
    "E22 B1500/1875 L: 1.2343",
    "E22 END - TrainL: 0.8435, ValAcc: 99.59%, ValL: 0.5196",
    "ZPE: [0.1999, 0.0093, 0.0081, 0.0095, 0.0129, 0.2]",
    "--- Epoch 23/30 ---",
    "E23 B375/1875 L: 0.8430",
    "E23 B750/1875 L: 1.0374",
    "E23 B1125/1875 L: 0.6483",
    "E23 B1500/1875 L: 1.1392",
    "E23 END - TrainL: 0.8495, ValAcc: 99.56%, ValL: 0.5208",
    "ZPE: [0.1999, 0.0091, 0.0082, 0.0084, 0.0122, 0.2]",
    "--- Epoch 24/30 ---",
    "E24 B375/1875 L: 0.8326",
    "E24 B750/1875 L: 1.1100",
    "E24 B1125/1875 L: 0.6203",
    "E24 B1500/1875 L: 1.0556",
    "E24 END - TrainL: 0.8377, ValAcc: 99.60%, ValL: 0.5178",
    "ZPE: [0.1999, 0.0121, 0.0108, 0.0091, 0.0136, 0.2]",
    "--- Epoch 25/30 ---",
    "E25 B375/1875 L: 0.5271",
    "E25 B750/1875 L: 1.2139",
    "E25 B1125/1875 L: 0.7326",
    "E25 B1500/1875 L: 0.6018",
    "E25 END - TrainL: 0.8320, ValAcc: 99.57%, ValL: 0.5185",
    "ZPE: [0.1999, 0.0127, 0.01, 0.0094, 0.0135, 0.2]",
    "--- Epoch 26/30 ---",
    "E26 B375/1875 L: 0.8428",
    "E26 B750/1875 L: 0.6925",
    "E26 B1125/1875 L: 1.0033",
    "E26 B1500/1875 L: 0.5233",
    "E26 END - TrainL: 0.8273, ValAcc: 99.63%, ValL: 0.5166",
    "ZPE: [0.1999, 0.0114, 0.0093, 0.0089, 0.0117, 0.2]",
    "--- Epoch 27/30 ---",
    "E27 B375/1875 L: 0.8322",
    "E27 B750/1875 L: 0.7006",
    "E27 B1125/1875 L: 1.0025",
    "E27 B1500/1875 L: 1.1104",
    "E27 END - TrainL: 0.8292, ValAcc: 99.61%, ValL: 0.5154",
    "ZPE: [0.1999, 0.0134, 0.0108, 0.0103, 0.0136, 0.2]",
    "--- Epoch 28/30 ---",
    "E28 B375/1875 L: 0.9166",
    "E28 B750/1875 L: 1.0846",
