{
  "job_id": "zpe_job_93bfabc6",
  "status": "completed",
  "current_epoch": 30,
  "total_epochs": 30,
  "accuracy": 99.57,
  "loss": 0.5134326143386646,
  "zpe_effects": [
    0.1998872011899948,
    0.014454460702836514,
    0.01236417330801487,
    0.008205032907426357,
    0.013355719856917858,
    0.19999998807907104
  ],
  "log_messages": [
    "Init job: ZPE-Sim-V1",
    "Starting PyTorch training: ZPE-Sim-V1",
    "Device: cuda",
    "Setting up MNIST dataset...",
    "DataLoaders created. Train: 1875, Val: 313 batches.",
    "Model & Optimizer initialized.",
    "--- Epoch 1/30 ---",
    "E1 B375/1875 L: 1.6793",
    "E1 B750/1875 L: 1.0179",
    "E1 B1125/1875 L: 1.5606",
    "E1 B1500/1875 L: 1.6266",
    "E1 END - TrainL: 1.2052, ValAcc: 98.86%, ValL: 0.5614",
    "ZPE: [0.1999, 0.1506, 0.1128, 0.1218, 0.0625, 0.2]",
    "--- Epoch 2/30 ---",
    "E2 B375/1875 L: 0.9591",
    "E2 B750/1875 L: 1.5544",
    "E2 B1125/1875 L: 0.7904",
    "E2 B1500/1875 L: 0.6581",
    "E2 END - TrainL: 1.0637, ValAcc: 98.89%, ValL: 0.5599",
    "ZPE: [0.1999, 0.1136, 0.0775, 0.0753, 0.0324, 0.2]",
    "--- Epoch 3/30 ---",
    "E3 B375/1875 L: 0.7382",
    "E3 B750/1875 L: 0.6896",
    "E3 B1125/1875 L: 1.3799",
    "E3 B1500/1875 L: 1.4606",
    "E3 END - TrainL: 1.0364, ValAcc: 98.30%, ValL: 0.5925",
    "ZPE: [0.1999, 0.0914, 0.061, 0.0641, 0.0283, 0.2]",
    "--- Epoch 4/30 ---",
    "E4 B375/1875 L: 1.2917",
    "E4 B750/1875 L: 0.6908",
    "E4 B1125/1875 L: 1.3872",
    "E4 B1500/1875 L: 1.0815",
    "E4 END - TrainL: 0.9961, ValAcc: 98.98%, ValL: 0.5536",
    "ZPE: [0.1999, 0.0736, 0.0423, 0.0508, 0.0226, 0.2]",
    "--- Epoch 5/30 ---",
    "E5 B375/1875 L: 0.6871",
    "E5 B750/1875 L: 0.9723",
    "E5 B1125/1875 L: 0.8625",
    "E5 B1500/1875 L: 1.4016",
    "E5 END - TrainL: 1.0060, ValAcc: 99.22%, ValL: 0.5369",
    "ZPE: [0.1999, 0.0572, 0.0335, 0.0368, 0.0226, 0.2]",
    "--- Epoch 6/30 ---",
    "E6 B375/1875 L: 1.2953",
    "E6 B750/1875 L: 1.2375",
    "E6 B1125/1875 L: 0.7124",
    "E6 B1500/1875 L: 1.3250",
    "E6 END - TrainL: 0.9969, ValAcc: 99.18%, ValL: 0.5352",
    "ZPE: [0.1999, 0.0437, 0.0333, 0.0292, 0.0342, 0.2]",
    "--- Epoch 7/30 ---",
    "E7 B375/1875 L: 1.4174",
    "E7 B750/1875 L: 0.8047",
    "E7 B1125/1875 L: 0.6518",
    "E7 B1500/1875 L: 0.7242",
    "E7 END - TrainL: 0.9733, ValAcc: 99.12%, ValL: 0.5529",
    "ZPE: [0.1999, 0.0395, 0.0276, 0.0262, 0.0218, 0.2]",
    "--- Epoch 8/30 ---",
    "E8 B375/1875 L: 0.6155",
    "E8 B750/1875 L: 1.4885",
    "E8 B1125/1875 L: 1.2296",
    "E8 B1500/1875 L: 0.6142",
    "E8 END - TrainL: 0.9674, ValAcc: 99.07%, ValL: 0.5434",
    "ZPE: [0.1999, 0.0324, 0.0231, 0.0235, 0.0271, 0.2]",
    "--- Epoch 9/30 ---",
    "E9 B375/1875 L: 1.0224",
    "E9 B750/1875 L: 0.6840",
    "E9 B1125/1875 L: 1.2893",
    "E9 B1500/1875 L: 1.3351",
    "E9 END - TrainL: 0.9555, ValAcc: 99.24%, ValL: 0.5442",
    "ZPE: [0.1999, 0.0295, 0.0242, 0.0174, 0.0243, 0.2]",
    "--- Epoch 10/30 ---",
    "E10 B375/1875 L: 1.0973",
    "E10 B750/1875 L: 0.9875",
    "E10 B1125/1875 L: 1.2907",
    "E10 B1500/1875 L: 1.1766",
    "E10 END - TrainL: 0.9249, ValAcc: 99.26%, ValL: 0.5369",
    "ZPE: [0.1999, 0.0259, 0.019, 0.016, 0.0186, 0.2]",
    "--- Epoch 11/30 ---",
    "E11 B375/1875 L: 0.9083",
    "E11 B750/1875 L: 1.0043",
    "E11 B1125/1875 L: 0.6442",
    "E11 B1500/1875 L: 1.1220",
    "E11 END - TrainL: 0.9305, ValAcc: 99.18%, ValL: 0.5501",
    "ZPE: [0.1999, 0.0232, 0.0172, 0.017, 0.0197, 0.1995]",
    "--- Epoch 12/30 ---",
    "E12 B375/1875 L: 0.5697",
    "E12 B750/1875 L: 1.1588",
    "E12 B1125/1875 L: 1.4064",
    "E12 B1500/1875 L: 0.9636",
    "E12 END - TrainL: 0.9262, ValAcc: 99.47%, ValL: 0.5318",
    "ZPE: [0.1999, 0.0183, 0.0161, 0.0127, 0.0163, 0.2]",
    "--- Epoch 13/30 ---",
    "E13 B375/1875 L: 0.6049",
    "E13 B750/1875 L: 0.5491",
    "E13 B1125/1875 L: 1.3293",
    "E13 B1500/1875 L: 0.7778",
    "E13 END - TrainL: 0.9089, ValAcc: 99.43%, ValL: 0.5313",
    "ZPE: [0.1999, 0.0214, 0.0175, 0.0112, 0.0161, 0.2]",
    "--- Epoch 14/30 ---",
    "E14 B375/1875 L: 1.0982",
    "E14 B750/1875 L: 0.8487",
    "E14 B1125/1875 L: 0.5997",
    "E14 B1500/1875 L: 0.5430",
    "E14 END - TrainL: 0.9105, ValAcc: 99.47%, ValL: 0.5254",
    "ZPE: [0.1999, 0.0189, 0.0146, 0.0166, 0.017, 0.2]",
    "--- Epoch 15/30 ---",
    "E15 B375/1875 L: 1.0293",
    "E15 B750/1875 L: 0.6695",
    "E15 B1125/1875 L: 1.0458",
    "E15 B1500/1875 L: 1.2226",
    "E15 END - TrainL: 0.9044, ValAcc: 99.41%, ValL: 0.5295",
    "ZPE: [0.1999, 0.0191, 0.0148, 0.0139, 0.017, 0.2]",
    "--- Epoch 16/30 ---",
    "E16 B375/1875 L: 1.0272",
    "E16 B750/1875 L: 0.5486",
    "E16 B1125/1875 L: 0.7317",
    "E16 B1500/1875 L: 1.3415",
    "E16 END - TrainL: 0.8883, ValAcc: 99.45%, ValL: 0.5227",
    "ZPE: [0.1999, 0.0158, 0.0123, 0.0111, 0.015, 0.2]",
    "--- Epoch 17/30 ---",
    "E17 B375/1875 L: 1.1252",
    "E17 B750/1875 L: 1.2451",
    "E17 B1125/1875 L: 0.8458",
    "E17 B1500/1875 L: 0.9340",
    "E17 END - TrainL: 0.8760, ValAcc: 99.35%, ValL: 0.5239",
    "ZPE: [0.1999, 0.0168, 0.0131, 0.0128, 0.0113, 0.2]",
    "--- Epoch 18/30 ---",
    "E18 B375/1875 L: 1.0957",
    "E18 B750/1875 L: 0.7954",
    "E18 B1125/1875 L: 0.9355",
    "E18 B1500/1875 L: 1.0026",
    "E18 END - TrainL: 0.8634, ValAcc: 99.54%, ValL: 0.5226",
    "ZPE: [0.1999, 0.0148, 0.0128, 0.0106, 0.0147, 0.2]",
    "--- Epoch 19/30 ---",
    "E19 B375/1875 L: 0.7910",
    "E19 B750/1875 L: 0.6820",
    "E19 B1125/1875 L: 0.5300",
    "E19 B1500/1875 L: 1.2240",
    "E19 END - TrainL: 0.8669, ValAcc: 99.49%, ValL: 0.5227",
    "ZPE: [0.1999, 0.0154, 0.0131, 0.0114, 0.0152, 0.2]",
    "--- Epoch 20/30 ---",
    "E20 B375/1875 L: 0.7413",
    "E20 B750/1875 L: 1.1079",
    "E20 B1125/1875 L: 1.2285",
    "E20 B1500/1875 L: 0.6007",
    "E20 END - TrainL: 0.8595, ValAcc: 99.53%, ValL: 0.5171",
    "ZPE: [0.1999, 0.0157, 0.0132, 0.0102, 0.0147, 0.2]",
    "--- Epoch 21/30 ---",
    "E21 B375/1875 L: 1.1268",
    "E21 B750/1875 L: 1.2259",
    "E21 B1125/1875 L: 0.6627",
    "E21 B1500/1875 L: 0.8388",
    "E21 END - TrainL: 0.8513, ValAcc: 99.54%, ValL: 0.5181",
    "ZPE: [0.1999, 0.0187, 0.0151, 0.0112, 0.0146, 0.2]",
    "--- Epoch 22/30 ---",
    "E22 B375/1875 L: 1.1271",
    "E22 B750/1875 L: 0.6288",
    "E22 B1125/1875 L: 0.7121",
    "E22 B1500/1875 L: 0.6658",
    "E22 END - TrainL: 0.8540, ValAcc: 99.58%, ValL: 0.5151",
    "ZPE: [0.1999, 0.012, 0.0106, 0.0077, 0.0116, 0.2]",
    "--- Epoch 23/30 ---",
    "E23 B375/1875 L: 0.7822",
    "E23 B750/1875 L: 0.8485",
    "E23 B1125/1875 L: 1.0615",
    "E23 B1500/1875 L: 1.3546",
    "E23 END - TrainL: 0.8447, ValAcc: 99.50%, ValL: 0.5156",
    "ZPE: [0.1999, 0.0139, 0.0116, 0.0082, 0.0129, 0.2]",
    "--- Epoch 24/30 ---",
    "E24 B375/1875 L: 0.8945",
    "E24 B750/1875 L: 0.5378",
    "E24 B1125/1875 L: 1.2466",
    "E24 B1500/1875 L: 0.5151",
    "E24 END - TrainL: 0.8447, ValAcc: 99.58%, ValL: 0.5152",
    "ZPE: [0.1999, 0.0159, 0.0136, 0.0096, 0.0143, 0.2]",
    "--- Epoch 25/30 ---",
    "E25 B375/1875 L: 1.1777",
    "E25 B750/1875 L: 1.1416",
    "E25 B1125/1875 L: 0.6875",
    "E25 B1500/1875 L: 0.9750",
    "E25 END - TrainL: 0.8302, ValAcc: 99.60%, ValL: 0.5142",
    "ZPE: [0.1999, 0.0132, 0.0104, 0.0088, 0.0126, 0.2]",
    "--- Epoch 26/30 ---",
    "E26 B375/1875 L: 0.6514",
    "E26 B750/1875 L: 0.9702",
    "E26 B1125/1875 L: 0.6199",
    "E26 B1500/1875 L: 0.7358",
    "E26 END - TrainL: 0.8319, ValAcc: 99.56%, ValL: 0.5142",
    "ZPE: [0.1999, 0.0122, 0.0105, 0.0077, 0.0115, 0.2]",
    "--- Epoch 27/30 ---",
    "E27 B375/1875 L: 0.8614",
    "E27 B750/1875 L: 1.0985",
    "E27 B1125/1875 L: 0.5401",
    "E27 B1500/1875 L: 0.5588",
    "E27 END - TrainL: 0.8330, ValAcc: 99.62%, ValL: 0.5136",
    "ZPE: [0.1999, 0.015, 0.0128, 0.0082, 0.0138, 0.2]",
    "--- Epoch 28/30 ---",
    "E28 B375/1875 L: 0.5172",
    "E28 B750/1875 L: 0.9418",
