{
  "job_id": "zpe_job_b526943e",
  "status": "stopped",
  "current_epoch": 2,
  "total_epochs": 30,
  "accuracy": 98.96,
  "loss": 0.5577829365913098,
  "zpe_effects": [
    0.1998872011899948,
    0.12725771963596344,
    0.07028578966856003,
    0.08417961746454239,
    0.045615602284669876,
    0.19999998807907104
  ],
  "log_messages": [
    "Init job: ZPE-Colab-Sim_hnn_step2",
    "Starting PyTorch training: ZPE-Colab-Sim_hnn_step2",
    "Device: cuda",
    "Setting up MNIST dataset...",
    "DataLoaders created. Train: 1875, Val: 313 batches.",
    "Model & Optimizer initialized.",
    "--- Epoch 1/30 ---",
    "E1 B375/1875 L: 1.9022",
    "E1 B750/1875 L: 0.7210",
    "E1 B1125/1875 L: 1.6713",
    "E1 B1500/1875 L: 0.8550",
    "E1 END - TrainL: 1.2065, ValAcc: 97.93%, ValL: 0.5857",
    "ZPE: [0.1999, 0.1619, 0.0989, 0.1182, 0.0668, 0.2]",
    "--- Epoch 2/30 ---",
    "E2 B375/1875 L: 1.8242",
    "E2 B750/1875 L: 1.1342",
    "E2 B1125/1875 L: 1.3349",
    "E2 B1500/1875 L: 1.2840",
    "E2 END - TrainL: 1.0600, ValAcc: 98.96%, ValL: 0.5578",
    "ZPE: [0.1999, 0.1273, 0.0703, 0.0842, 0.0456, 0.2]",
    "--- Epoch 3/30 ---",
    "Stop request received."
  ],
  "parameters": {
    "totalEpochs": 30,
    "batchSize": 32,
    "learningRate": 0.001,
    "weightDecay": 0.00010000000474974513,
    "momentumParams": [
      0.9,
      0.85,
      0.8,
      0.74,
      0.43,
      0.65
    ],
    "strengthParams": [
      0.15,
      0.55,
      0.41,
      0.8,
      0.27,
      0.4
    ],
    "noiseParams": [
      0.18,
      0.28,
      0.26,
      0.45,
      0.3,
      0.25
    ],
    "quantumCircuitSize": 32,
    "labelSmoothing": 0.1,
    "quantumMode": true,
    "modelName": "ZPE-Colab-Sim_hnn_step2",
    "baseConfigId": "zpe_job_f43caf44"
  },
  "start_time": "2025-06-01T01:44:55.482134",
  "end_time": null,
  "gpu_info": {
    "id": "0",
    "name": "NVIDIA GeForce RTX 3050 6GB Laptop GPU",
    "utilization_gpu_percent": 99.0,
    "utilization_memory_io_percent": 95.0,
    "memory_total_mb": 6144.0,
    "memory_used_mb": 756.875,
    "memory_free_mb": 5387.125,
    "memory_used_percent": 12.318929036458334,
    "temperature_c": 58.0,
    "power_draw_w": 19.884
  }
}