{
  "job_id": "zpe_job_2d359259",
  "status": "completed",
  "current_epoch": 30,
  "total_epochs": 30,
  "accuracy": 99.62,
  "loss": 0.5143816781501038,
  "zpe_effects": [
    0.1998872011899948,
    0.011644387617707253,
    0.007284450810402632,
    0.007178878877311945,
    0.011844754219055176,
    0.19999998807907104
  ],
  "log_messages": [
    "Init job: ZPE-QuantumWeaver-V1",
    "Starting PyTorch training: ZPE-QuantumWeaver-V1",
    "Device: cuda",
    "Setting up MNIST dataset...",
    "DataLoaders created. Train: 1875, Val: 313 batches.",
    "Model & Optimizer initialized.",
    "--- Epoch 1/30 ---",
    "E1 B375/1875 L: 0.8385",
    "E1 B750/1875 L: 1.0553",
    "E1 B1125/1875 L: 0.9826",
    "E1 B1500/1875 L: 0.7910",
    "E1 END - TrainL: 1.1964, ValAcc: 98.66%, ValL: 0.5649",
    "ZPE: [0.1999, 0.1609, 0.1149, 0.107, 0.0738, 0.2]",
    "--- Epoch 2/30 ---",
    "E2 B375/1875 L: 0.8972",
    "E2 B750/1875 L: 0.5894",
    "E2 B1125/1875 L: 1.6019",
    "E2 B1500/1875 L: 0.7328",
    "E2 END - TrainL: 1.0625, ValAcc: 98.83%, ValL: 0.5754",
    "ZPE: [0.1999, 0.1269, 0.0717, 0.0896, 0.0519, 0.2]",
    "--- Epoch 3/30 ---",
    "E3 B375/1875 L: 1.4949",
    "E3 B750/1875 L: 0.6159",
    "E3 B1125/1875 L: 0.9265",
    "E3 B1500/1875 L: 1.5435",
    "E3 END - TrainL: 1.0476, ValAcc: 98.80%, ValL: 0.5572",
    "ZPE: [0.1999, 0.0981, 0.0476, 0.0816, 0.0321, 0.2]",
    "--- Epoch 4/30 ---",
    "E4 B375/1875 L: 0.6428",
    "E4 B750/1875 L: 1.2040",
    "E4 B1125/1875 L: 0.6390",
    "E4 B1500/1875 L: 1.2433",
    "E4 END - TrainL: 1.0184, ValAcc: 98.78%, ValL: 0.5539",
    "ZPE: [0.1999, 0.0764, 0.0384, 0.0502, 0.0314, 0.2]",
    "--- Epoch 5/30 ---",
    "E5 B375/1875 L: 1.2662",
    "E5 B750/1875 L: 1.0342",
    "E5 B1125/1875 L: 1.3038",
    "E5 B1500/1875 L: 0.5946",
    "E5 END - TrainL: 1.0032, ValAcc: 98.97%, ValL: 0.5543",
    "ZPE: [0.1999, 0.0578, 0.0296, 0.042, 0.0209, 0.2]",
    "--- Epoch 6/30 ---",
    "E6 B375/1875 L: 1.4615",
    "E6 B750/1875 L: 1.2529",
    "E6 B1125/1875 L: 1.2211",
    "E6 B1500/1875 L: 0.5753",
    "E6 END - TrainL: 1.0006, ValAcc: 99.23%, ValL: 0.5610",
    "ZPE: [0.1999, 0.0521, 0.0328, 0.0343, 0.0296, 0.2]",
    "--- Epoch 7/30 ---",
    "E7 B375/1875 L: 1.2292",
    "E7 B750/1875 L: 0.5997",
    "E7 B1125/1875 L: 0.5629",
    "E7 B1500/1875 L: 0.9163",
    "E7 END - TrainL: 0.9811, ValAcc: 99.21%, ValL: 0.5465",
    "ZPE: [0.1999, 0.0428, 0.0237, 0.0283, 0.0219, 0.2]",
    "--- Epoch 8/30 ---",
    "E8 B375/1875 L: 0.8603",
    "E8 B750/1875 L: 0.6605",
    "E8 B1125/1875 L: 0.9593",
    "E8 B1500/1875 L: 0.7932",
    "E8 END - TrainL: 0.9659, ValAcc: 99.20%, ValL: 0.5385",
    "ZPE: [0.1999, 0.0318, 0.0169, 0.0223, 0.0173, 0.2]",
    "--- Epoch 9/30 ---",
    "E9 B375/1875 L: 0.7492",
    "E9 B750/1875 L: 1.1393",
    "E9 B1125/1875 L: 0.6777",
    "E9 B1500/1875 L: 0.9394",
    "E9 END - TrainL: 0.9519, ValAcc: 99.34%, ValL: 0.5409",
    "ZPE: [0.1999, 0.0283, 0.0161, 0.0189, 0.016, 0.2]",
    "--- Epoch 10/30 ---",
    "E10 B375/1875 L: 0.5882",
    "E10 B750/1875 L: 1.3224",
    "E10 B1125/1875 L: 0.6217",
    "E10 B1500/1875 L: 1.1125",
    "E10 END - TrainL: 0.9389, ValAcc: 98.89%, ValL: 0.5875",
    "ZPE: [0.1999, 0.0268, 0.0166, 0.0151, 0.0163, 0.1809]",
    "--- Epoch 11/30 ---",
    "E11 B375/1875 L: 1.4334",
    "E11 B750/1875 L: 0.6016",
    "E11 B1125/1875 L: 0.5903",
    "E11 B1500/1875 L: 0.6481",
    "E11 END - TrainL: 0.9349, ValAcc: 99.15%, ValL: 0.5309",
    "ZPE: [0.1999, 0.0218, 0.0111, 0.0198, 0.0174, 0.2]",
    "--- Epoch 12/30 ---",
    "E12 B375/1875 L: 0.7134",
    "E12 B750/1875 L: 0.5434",
    "E12 B1125/1875 L: 1.2119",
    "E12 B1500/1875 L: 1.3379",
    "E12 END - TrainL: 0.9246, ValAcc: 99.32%, ValL: 0.5342",
    "ZPE: [0.1999, 0.0221, 0.0136, 0.0164, 0.0171, 0.2]",
    "--- Epoch 13/30 ---",
    "E13 B375/1875 L: 1.1350",
    "E13 B750/1875 L: 1.1011",
    "E13 B1125/1875 L: 0.5713",
    "E13 B1500/1875 L: 0.7835",
    "E13 END - TrainL: 0.9081, ValAcc: 99.33%, ValL: 0.5271",
    "ZPE: [0.1999, 0.0245, 0.0161, 0.0163, 0.0181, 0.2]",
    "--- Epoch 14/30 ---",
    "E14 B375/1875 L: 1.0848",
    "E14 B750/1875 L: 1.0653",
    "E14 B1125/1875 L: 1.1833",
    "E14 B1500/1875 L: 0.5709",
    "E14 END - TrainL: 0.8986, ValAcc: 99.46%, ValL: 0.5386",
    "ZPE: [0.1999, 0.019, 0.0127, 0.0121, 0.0161, 0.2]",
    "--- Epoch 15/30 ---",
    "E15 B375/1875 L: 1.3515",
    "E15 B750/1875 L: 0.5596",
    "E15 B1125/1875 L: 0.7982",
    "E15 B1500/1875 L: 1.1124",
    "E15 END - TrainL: 0.8942, ValAcc: 99.43%, ValL: 0.5299",
    "ZPE: [0.1999, 0.0162, 0.0095, 0.0119, 0.0151, 0.2]",
    "--- Epoch 16/30 ---",
    "E16 B375/1875 L: 0.6197",
    "E16 B750/1875 L: 0.6507",
    "E16 B1125/1875 L: 0.6577",
    "E16 B1500/1875 L: 0.9295",
    "E16 END - TrainL: 0.8836, ValAcc: 99.48%, ValL: 0.5287",
    "ZPE: [0.1999, 0.0165, 0.009, 0.0108, 0.0162, 0.2]",
    "--- Epoch 17/30 ---",
    "E17 B375/1875 L: 0.7274",
    "E17 B750/1875 L: 0.9493",
    "E17 B1125/1875 L: 0.9033",
    "E17 B1500/1875 L: 0.9101",
    "E17 END - TrainL: 0.8843, ValAcc: 99.53%, ValL: 0.5232",
    "ZPE: [0.1999, 0.0169, 0.0081, 0.0125, 0.0145, 0.2]",
    "--- Epoch 18/30 ---",
    "E18 B375/1875 L: 1.0262",
    "E18 B750/1875 L: 0.7068",
    "E18 B1125/1875 L: 1.3853",
    "E18 B1500/1875 L: 1.3639",
    "E18 END - TrainL: 0.8699, ValAcc: 99.50%, ValL: 0.5244",
    "ZPE: [0.1999, 0.0143, 0.0089, 0.0089, 0.0132, 0.2]",
    "--- Epoch 19/30 ---",
    "E19 B375/1875 L: 0.6951",
    "E19 B750/1875 L: 0.5256",
    "E19 B1125/1875 L: 1.1584",
    "E19 B1500/1875 L: 0.5188",
    "E19 END - TrainL: 0.8740, ValAcc: 99.59%, ValL: 0.5228",
    "ZPE: [0.1999, 0.0158, 0.0092, 0.0117, 0.0146, 0.2]",
    "--- Epoch 20/30 ---",
    "E20 B375/1875 L: 0.6597",
    "E20 B750/1875 L: 0.8650",
    "E20 B1125/1875 L: 0.9259",
    "E20 B1500/1875 L: 0.6077",
    "E20 END - TrainL: 0.8611, ValAcc: 99.42%, ValL: 0.5249",
    "ZPE: [0.1999, 0.0138, 0.0078, 0.0108, 0.0128, 0.2]",
    "--- Epoch 21/30 ---",
    "E21 B375/1875 L: 0.7713",
    "E21 B750/1875 L: 0.7967",
    "E21 B1125/1875 L: 0.9112",
    "E21 B1500/1875 L: 0.8649",
    "E21 END - TrainL: 0.8555, ValAcc: 99.48%, ValL: 0.5268",
    "ZPE: [0.1999, 0.0142, 0.0075, 0.01, 0.0142, 0.2]",
    "--- Epoch 22/30 ---",
    "E22 B375/1875 L: 0.5198",
    "E22 B750/1875 L: 0.5568",
    "E22 B1125/1875 L: 0.5114",
    "E22 B1500/1875 L: 1.2630",
    "E22 END - TrainL: 0.8582, ValAcc: 99.57%, ValL: 0.5210",
    "ZPE: [0.1999, 0.0143, 0.0092, 0.0092, 0.0123, 0.2]",
    "--- Epoch 23/30 ---",
    "E23 B375/1875 L: 0.9220",
    "E23 B750/1875 L: 1.1903",
    "E23 B1125/1875 L: 0.5681",
    "E23 B1500/1875 L: 0.6984",
    "E23 END - TrainL: 0.8454, ValAcc: 99.50%, ValL: 0.5192",
    "ZPE: [0.1999, 0.0156, 0.0096, 0.0093, 0.0139, 0.2]",
    "--- Epoch 24/30 ---",
    "E24 B375/1875 L: 0.5204",
    "E24 B750/1875 L: 1.3010",
    "E24 B1125/1875 L: 1.0594",
    "E24 B1500/1875 L: 0.7329",
    "E24 END - TrainL: 0.8405, ValAcc: 99.57%, ValL: 0.5177",
    "ZPE: [0.1999, 0.0144, 0.0087, 0.0076, 0.0133, 0.2]",
    "--- Epoch 25/30 ---",
    "E25 B375/1875 L: 0.6295",
    "E25 B750/1875 L: 1.0950",
    "E25 B1125/1875 L: 0.7155",
    "E25 B1500/1875 L: 0.6094",
    "E25 END - TrainL: 0.8272, ValAcc: 99.65%, ValL: 0.5166",
    "ZPE: [0.1999, 0.013, 0.008, 0.0079, 0.0128, 0.2]",
    "--- Epoch 26/30 ---",
    "E26 B375/1875 L: 0.7361",
    "E26 B750/1875 L: 0.6987",
    "E26 B1125/1875 L: 0.6395",
    "E26 B1500/1875 L: 0.5213",
    "E26 END - TrainL: 0.8338, ValAcc: 99.57%, ValL: 0.5182",
    "ZPE: [0.1999, 0.0145, 0.0089, 0.0087, 0.0134, 0.2]",
    "--- Epoch 27/30 ---",
    "E27 B375/1875 L: 1.1061",
    "E27 B750/1875 L: 1.0945",
    "E27 B1125/1875 L: 1.1829",
    "E27 B1500/1875 L: 0.6842",
    "E27 END - TrainL: 0.8179, ValAcc: 99.56%, ValL: 0.5156",
    "ZPE: [0.1999, 0.0128, 0.0079, 0.008, 0.0126, 0.2]",
    "--- Epoch 28/30 ---",
    "E28 B375/1875 L: 0.5586",
    "E28 B750/1875 L: 1.1372",
