{
  "job_id": "zpe_job_1d16fb66",
  "status": "completed",
  "current_epoch": 30,
  "total_epochs": 30,
  "accuracy": 99.65,
  "loss": 0.5122503295493203,
  "zpe_effects": [
    0.1998872011899948,
    0.022456897422671318,
    0.016830040141940117,
    0.023454487323760986,
    0.024701524525880814,
    0.19999998807907104
  ],
  "log_messages": [
    "Init job: AI_Advised_Model_5286",
    "Starting PyTorch training: AI_Advised_Model_5286",
    "Device: cuda",
    "Setting up MNIST dataset...",
    "DataLoaders created. Train: 1875, Val: 313 batches.",
    "Model & Optimizer initialized.",
    "--- Epoch 1/30 ---",
    "E1 B375/1875 L: 1.6947",
    "E1 B750/1875 L: 1.2230",
    "E1 B1125/1875 L: 1.4154",
    "E1 B1500/1875 L: 0.8006",
    "E1 END - TrainL: 1.2146, ValAcc: 98.86%, ValL: 0.5627",
    "ZPE: [0.1999, 0.1635, 0.1158, 0.1523, 0.0653, 0.2]",
    "--- Epoch 2/30 ---",
    "E2 B375/1875 L: 0.8998",
    "E2 B750/1875 L: 0.8707",
    "E2 B1125/1875 L: 1.2807",
    "E2 B1500/1875 L: 1.3855",
    "E2 END - TrainL: 1.0729, ValAcc: 98.78%, ValL: 0.5804",
    "ZPE: [0.1999, 0.145, 0.09, 0.1277, 0.0727, 0.2]",
    "--- Epoch 3/30 ---",
    "E3 B375/1875 L: 1.1489",
    "E3 B750/1875 L: 0.7010",
    "E3 B1125/1875 L: 0.8675",
    "E3 B1500/1875 L: 1.2082",
    "E3 END - TrainL: 1.0273, ValAcc: 99.01%, ValL: 0.5796",
    "ZPE: [0.1999, 0.1158, 0.0651, 0.0965, 0.0312, 0.2]",
    "--- Epoch 4/30 ---",
    "E4 B375/1875 L: 1.1390",
    "E4 B750/1875 L: 1.5790",
    "E4 B1125/1875 L: 1.4538",
    "E4 B1500/1875 L: 1.5174",
    "E4 END - TrainL: 1.0061, ValAcc: 99.07%, ValL: 0.5547",
    "ZPE: [0.1999, 0.0988, 0.0646, 0.0765, 0.0427, 0.2]",
    "--- Epoch 5/30 ---",
    "E5 B375/1875 L: 1.2717",
    "E5 B750/1875 L: 1.2764",
    "E5 B1125/1875 L: 1.5846",
    "E5 B1500/1875 L: 1.5110",
    "E5 END - TrainL: 0.9999, ValAcc: 99.19%, ValL: 0.5511",
    "ZPE: [0.1999, 0.0752, 0.0491, 0.0729, 0.054, 0.2]",
    "--- Epoch 6/30 ---",
    "E6 B375/1875 L: 1.4403",
    "E6 B750/1875 L: 0.6108",
    "E6 B1125/1875 L: 1.0707",
    "E6 B1500/1875 L: 1.1865",
    "E6 END - TrainL: 0.9924, ValAcc: 99.25%, ValL: 0.5645",
    "ZPE: [0.1999, 0.065, 0.0329, 0.063, 0.0459, 0.2]",
    "--- Epoch 7/30 ---",
    "E7 B375/1875 L: 1.2666",
    "E7 B750/1875 L: 0.7654",
    "E7 B1125/1875 L: 1.5231",
    "E7 B1500/1875 L: 1.0086",
    "E7 END - TrainL: 0.9846, ValAcc: 99.16%, ValL: 0.5837",
    "ZPE: [0.1999, 0.0645, 0.044, 0.0438, 0.0502, 0.2]",
    "--- Epoch 8/30 ---",
    "E8 B375/1875 L: 0.8128",
    "E8 B750/1875 L: 0.7037",
    "E8 B1125/1875 L: 0.6860",
    "E8 B1500/1875 L: 1.2888",
    "E8 END - TrainL: 0.9447, ValAcc: 99.32%, ValL: 0.5539",
    "ZPE: [0.1999, 0.0529, 0.0363, 0.0399, 0.0471, 0.2]",
    "--- Epoch 9/30 ---",
    "E9 B375/1875 L: 0.7607",
    "E9 B750/1875 L: 0.8946",
    "E9 B1125/1875 L: 0.6091",
    "E9 B1500/1875 L: 0.9325",
    "E9 END - TrainL: 0.9607, ValAcc: 99.45%, ValL: 0.5578",
    "ZPE: [0.1999, 0.0436, 0.032, 0.0414, 0.0355, 0.2]",
    "--- Epoch 10/30 ---",
    "E10 B375/1875 L: 0.9608",
    "E10 B750/1875 L: 0.9633",
    "E10 B1125/1875 L: 0.5384",
    "E10 B1500/1875 L: 1.0527",
    "E10 END - TrainL: 0.9480, ValAcc: 99.47%, ValL: 0.5487",
    "ZPE: [0.1999, 0.0399, 0.0249, 0.0534, 0.0374, 0.2]",
    "--- Epoch 11/30 ---",
    "E11 B375/1875 L: 1.0515",
    "E11 B750/1875 L: 1.0461",
    "E11 B1125/1875 L: 1.0462",
    "E11 B1500/1875 L: 1.3590",
    "E11 END - TrainL: 0.9351, ValAcc: 99.36%, ValL: 0.5402",
    "ZPE: [0.1999, 0.0322, 0.027, 0.0371, 0.0399, 0.2]",
    "--- Epoch 12/30 ---",
    "E12 B375/1875 L: 1.0969",
    "E12 B750/1875 L: 1.2755",
    "E12 B1125/1875 L: 0.8540",
    "E12 B1500/1875 L: 0.9506",
    "E12 END - TrainL: 0.9171, ValAcc: 99.55%, ValL: 0.5475",
    "ZPE: [0.1999, 0.0342, 0.0296, 0.0343, 0.0391, 0.2]",
    "--- Epoch 13/30 ---",
    "E13 B375/1875 L: 1.3827",
    "E13 B750/1875 L: 0.6770",
    "E13 B1125/1875 L: 1.1548",
    "E13 B1500/1875 L: 0.8773",
    "E13 END - TrainL: 0.9225, ValAcc: 99.57%, ValL: 0.5305",
    "ZPE: [0.1999, 0.0294, 0.0226, 0.0328, 0.0311, 0.2]",
    "--- Epoch 14/30 ---",
    "E14 B375/1875 L: 1.2799",
    "E14 B750/1875 L: 0.8501",
    "E14 B1125/1875 L: 1.2685",
    "E14 B1500/1875 L: 1.0056",
    "E14 END - TrainL: 0.9072, ValAcc: 99.56%, ValL: 0.5358",
    "ZPE: [0.1999, 0.0286, 0.022, 0.0283, 0.0311, 0.2]",
    "--- Epoch 15/30 ---",
    "E15 B375/1875 L: 0.9660",
    "E15 B750/1875 L: 1.2811",
    "E15 B1125/1875 L: 0.7875",
    "E15 B1500/1875 L: 1.2383",
    "E15 END - TrainL: 0.9037, ValAcc: 99.45%, ValL: 0.5398",
    "ZPE: [0.1999, 0.0297, 0.0226, 0.0393, 0.0303, 0.2]",
    "--- Epoch 16/30 ---",
    "E16 B375/1875 L: 0.7196",
    "E16 B750/1875 L: 0.8066",
    "E16 B1125/1875 L: 0.6142",
    "E16 B1500/1875 L: 0.8345",
    "E16 END - TrainL: 0.8988, ValAcc: 99.56%, ValL: 0.5253",
    "ZPE: [0.1999, 0.0242, 0.0215, 0.031, 0.025, 0.2]",
    "--- Epoch 17/30 ---",
    "E17 B375/1875 L: 0.7488",
    "E17 B750/1875 L: 1.3315",
    "E17 B1125/1875 L: 0.5487",
    "E17 B1500/1875 L: 0.7342",
    "E17 END - TrainL: 0.8879, ValAcc: 99.52%, ValL: 0.5234",
    "ZPE: [0.1999, 0.0264, 0.0203, 0.0296, 0.0249, 0.2]",
    "--- Epoch 18/30 ---",
    "E18 B375/1875 L: 1.0848",
    "E18 B750/1875 L: 1.1776",
    "E18 B1125/1875 L: 0.6848",
    "E18 B1500/1875 L: 1.3111",
    "E18 END - TrainL: 0.8855, ValAcc: 99.57%, ValL: 0.5341",
    "ZPE: [0.1999, 0.0239, 0.0193, 0.0325, 0.0261, 0.2]",
    "--- Epoch 19/30 ---",
    "E19 B375/1875 L: 0.6379",
    "E19 B750/1875 L: 0.5198",
    "E19 B1125/1875 L: 0.5161",
    "E19 B1500/1875 L: 0.5909",
    "E19 END - TrainL: 0.8695, ValAcc: 99.58%, ValL: 0.5179",
    "ZPE: [0.1999, 0.0274, 0.0185, 0.0295, 0.0295, 0.2]",
    "--- Epoch 20/30 ---",
    "E20 B375/1875 L: 0.5138",
    "E20 B750/1875 L: 0.7778",
    "E20 B1125/1875 L: 0.5136",
    "E20 B1500/1875 L: 1.2479",
    "E20 END - TrainL: 0.8753, ValAcc: 99.59%, ValL: 0.5212",
    "ZPE: [0.1999, 0.0242, 0.0167, 0.0272, 0.0242, 0.2]",
    "--- Epoch 21/30 ---",
    "E21 B375/1875 L: 1.0096",
    "E21 B750/1875 L: 0.7266",
    "E21 B1125/1875 L: 1.1741",
    "E21 B1500/1875 L: 1.1479",
    "E21 END - TrainL: 0.8619, ValAcc: 99.60%, ValL: 0.5161",
    "ZPE: [0.1999, 0.0261, 0.0193, 0.0324, 0.0276, 0.2]",
    "--- Epoch 22/30 ---",
    "E22 B375/1875 L: 0.5328",
    "E22 B750/1875 L: 1.1383",
    "E22 B1125/1875 L: 0.8484",
    "E22 B1500/1875 L: 0.7825",
    "E22 END - TrainL: 0.8487, ValAcc: 99.64%, ValL: 0.5164",
    "ZPE: [0.1999, 0.0232, 0.0193, 0.0266, 0.0264, 0.2]",
    "--- Epoch 23/30 ---",
    "E23 B375/1875 L: 0.8782",
    "E23 B750/1875 L: 0.5131",
    "E23 B1125/1875 L: 1.3251",
    "E23 B1500/1875 L: 0.7315",
    "E23 END - TrainL: 0.8532, ValAcc: 99.61%, ValL: 0.5155",
    "ZPE: [0.1999, 0.0242, 0.0183, 0.0226, 0.0303, 0.2]",
    "--- Epoch 24/30 ---",
    "E24 B375/1875 L: 0.7630",
    "E24 B750/1875 L: 0.5977",
    "E24 B1125/1875 L: 1.1437",
    "E24 B1500/1875 L: 0.9733",
    "E24 END - TrainL: 0.8374, ValAcc: 99.62%, ValL: 0.5152",
    "ZPE: [0.1999, 0.0257, 0.0193, 0.0267, 0.0261, 0.2]",
    "--- Epoch 25/30 ---",
    "E25 B375/1875 L: 0.6328",
    "E25 B750/1875 L: 0.7916",
    "E25 B1125/1875 L: 0.9579",
    "E25 B1500/1875 L: 0.5202",
    "E25 END - TrainL: 0.8488, ValAcc: 99.66%, ValL: 0.5147",
    "ZPE: [0.1999, 0.0233, 0.0184, 0.0237, 0.0263, 0.2]",
    "--- Epoch 26/30 ---",
    "E26 B375/1875 L: 0.7111",
    "E26 B750/1875 L: 0.5495",
    "E26 B1125/1875 L: 0.5109",
    "E26 B1500/1875 L: 0.5659",
    "E26 END - TrainL: 0.8307, ValAcc: 99.66%, ValL: 0.5126",
    "ZPE: [0.1999, 0.0261, 0.0198, 0.0232, 0.0255, 0.2]",
    "--- Epoch 27/30 ---",
    "E27 B375/1875 L: 1.3064",
    "E27 B750/1875 L: 0.5895",
    "E27 B1125/1875 L: 0.7295",
    "E27 B1500/1875 L: 0.9832",
    "E27 END - TrainL: 0.8384, ValAcc: 99.61%, ValL: 0.5132",
    "ZPE: [0.1999, 0.0234, 0.0173, 0.0239, 0.0248, 0.2]",
    "--- Epoch 28/30 ---",
    "E28 B375/1875 L: 0.5234",
    "E28 B750/1875 L: 1.0679",
