{
  "job_id": "zpe_job_67d5734d",
  "status": "completed",
  "current_epoch": 30,
  "total_epochs": 30,
  "accuracy": 99.58,
  "loss": 0.515596822999156,
  "zpe_effects": [
    0.1998872011899948,
    0.012662160210311413,
    0.008709073066711426,
    0.009252048097550869,
    0.01333931740373373,
    0.19999998807907104
  ],
  "log_messages": [
    "Init job: ZPE-QuantumWeaver-V1",
    "Starting PyTorch training: ZPE-QuantumWeaver-V1",
    "Device: cuda",
    "Setting up MNIST dataset...",
    "DataLoaders created. Train: 1875, Val: 313 batches.",
    "Model & Optimizer initialized.",
    "--- Epoch 1/30 ---",
    "E1 B375/1875 L: 1.5496",
    "E1 B750/1875 L: 0.9503",
    "E1 B1125/1875 L: 1.2975",
    "E1 B1500/1875 L: 0.8977",
    "E1 END - TrainL: 1.2013, ValAcc: 98.34%, ValL: 0.5844",
    "ZPE: [0.1999, 0.1782, 0.1014, 0.1407, 0.0574, 0.1968]",
    "--- Epoch 2/30 ---",
    "E2 B375/1875 L: 0.6788",
    "E2 B750/1875 L: 1.5372",
    "E2 B1125/1875 L: 1.4481",
    "E2 B1500/1875 L: 0.6845",
    "E2 END - TrainL: 1.0649, ValAcc: 98.62%, ValL: 0.5878",
    "ZPE: [0.1999, 0.1415, 0.0723, 0.092, 0.0411, 0.2]",
    "--- Epoch 3/30 ---",
    "E3 B375/1875 L: 1.3828",
    "E3 B750/1875 L: 0.9464",
    "E3 B1125/1875 L: 0.6239",
    "E3 B1500/1875 L: 1.4395",
    "E3 END - TrainL: 1.0508, ValAcc: 99.04%, ValL: 0.5529",
    "ZPE: [0.1999, 0.1124, 0.0587, 0.0706, 0.0488, 0.2]",
    "--- Epoch 4/30 ---",
    "E4 B375/1875 L: 1.3156",
    "E4 B750/1875 L: 0.8394",
    "E4 B1125/1875 L: 0.6550",
    "E4 B1500/1875 L: 0.7704",
    "E4 END - TrainL: 1.0039, ValAcc: 99.00%, ValL: 0.5629",
    "ZPE: [0.1999, 0.0846, 0.0468, 0.0507, 0.0347, 0.2]",
    "--- Epoch 5/30 ---",
    "E5 B375/1875 L: 1.1887",
    "E5 B750/1875 L: 0.5667",
    "E5 B1125/1875 L: 1.3737",
    "E5 B1500/1875 L: 0.8277",
    "E5 END - TrainL: 1.0053, ValAcc: 98.48%, ValL: 0.5788",
    "ZPE: [0.1999, 0.0677, 0.036, 0.0376, 0.0273, 0.1856]",
    "--- Epoch 6/30 ---",
    "E6 B375/1875 L: 0.5444",
    "E6 B750/1875 L: 0.6990",
    "E6 B1125/1875 L: 1.0138",
    "E6 B1500/1875 L: 1.1421",
    "E6 END - TrainL: 0.9811, ValAcc: 99.05%, ValL: 0.5435",
    "ZPE: [0.1999, 0.0526, 0.0274, 0.0416, 0.0192, 0.2]",
    "--- Epoch 7/30 ---",
    "E7 B375/1875 L: 1.2683",
    "E7 B750/1875 L: 1.2272",
    "E7 B1125/1875 L: 1.1959",
    "E7 B1500/1875 L: 1.3529",
    "E7 END - TrainL: 0.9796, ValAcc: 99.00%, ValL: 0.5580",
    "ZPE: [0.1999, 0.0427, 0.0249, 0.0335, 0.0166, 0.2]",
    "--- Epoch 8/30 ---",
    "E8 B375/1875 L: 0.5957",
    "E8 B750/1875 L: 0.6216",
    "E8 B1125/1875 L: 1.1918",
    "E8 B1500/1875 L: 0.5971",
    "E8 END - TrainL: 0.9680, ValAcc: 99.24%, ValL: 0.5353",
    "ZPE: [0.1999, 0.0325, 0.0213, 0.0228, 0.0207, 0.2]",
    "--- Epoch 9/30 ---",
    "E9 B375/1875 L: 0.8836",
    "E9 B750/1875 L: 0.9993",
    "E9 B1125/1875 L: 0.6653",
    "E9 B1500/1875 L: 0.9989",
    "E9 END - TrainL: 0.9553, ValAcc: 99.23%, ValL: 0.5457",
    "ZPE: [0.1999, 0.0282, 0.016, 0.0211, 0.0209, 0.2]",
    "--- Epoch 10/30 ---",
    "E10 B375/1875 L: 0.8847",
    "E10 B750/1875 L: 1.1622",
    "E10 B1125/1875 L: 1.3813",
    "E10 B1500/1875 L: 0.7171",
    "E10 END - TrainL: 0.9290, ValAcc: 99.35%, ValL: 0.5456",
    "ZPE: [0.1999, 0.0284, 0.0181, 0.0193, 0.0155, 0.2]",
    "--- Epoch 11/30 ---",
    "E11 B375/1875 L: 0.9479",
    "E11 B750/1875 L: 1.2830",
    "E11 B1125/1875 L: 0.7169",
    "E11 B1500/1875 L: 0.6746",
    "E11 END - TrainL: 0.9305, ValAcc: 99.38%, ValL: 0.5424",
    "ZPE: [0.1999, 0.021, 0.0147, 0.017, 0.0174, 0.2]",
    "--- Epoch 12/30 ---",
    "E12 B375/1875 L: 0.7264",
    "E12 B750/1875 L: 0.6746",
    "E12 B1125/1875 L: 1.1207",
    "E12 B1500/1875 L: 0.9857",
    "E12 END - TrainL: 0.9220, ValAcc: 99.28%, ValL: 0.5410",
    "ZPE: [0.1999, 0.0196, 0.0131, 0.0108, 0.018, 0.2]",
    "--- Epoch 13/30 ---",
    "E13 B375/1875 L: 1.2685",
    "E13 B750/1875 L: 1.1365",
    "E13 B1125/1875 L: 0.6871",
    "E13 B1500/1875 L: 1.0431",
    "E13 END - TrainL: 0.9120, ValAcc: 99.24%, ValL: 0.5353",
    "ZPE: [0.1999, 0.0188, 0.0128, 0.0123, 0.0189, 0.2]",
    "--- Epoch 14/30 ---",
    "E14 B375/1875 L: 0.6088",
    "E14 B750/1875 L: 0.6666",
    "E14 B1125/1875 L: 0.6286",
    "E14 B1500/1875 L: 1.3371",
    "E14 END - TrainL: 0.9024, ValAcc: 99.39%, ValL: 0.5343",
    "ZPE: [0.1999, 0.02, 0.0141, 0.0164, 0.0173, 0.2]",
    "--- Epoch 15/30 ---",
    "E15 B375/1875 L: 0.5411",
    "E15 B750/1875 L: 1.3446",
    "E15 B1125/1875 L: 0.6099",
    "E15 B1500/1875 L: 0.9003",
    "E15 END - TrainL: 0.8888, ValAcc: 99.27%, ValL: 0.5350",
    "ZPE: [0.1999, 0.0153, 0.0102, 0.0132, 0.013, 0.2]",
    "--- Epoch 16/30 ---",
    "E16 B375/1875 L: 1.0242",
    "E16 B750/1875 L: 0.6289",
    "E16 B1125/1875 L: 1.3923",
    "E16 B1500/1875 L: 1.0823",
    "E16 END - TrainL: 0.8734, ValAcc: 99.31%, ValL: 0.5301",
    "ZPE: [0.1999, 0.0132, 0.0115, 0.0111, 0.0144, 0.2]",
    "--- Epoch 17/30 ---",
    "E17 B375/1875 L: 0.5615",
    "E17 B750/1875 L: 1.1039",
    "E17 B1125/1875 L: 1.0983",
    "E17 B1500/1875 L: 0.9215",
    "E17 END - TrainL: 0.8748, ValAcc: 99.31%, ValL: 0.5259",
    "ZPE: [0.1999, 0.0156, 0.012, 0.0102, 0.0146, 0.2]",
    "--- Epoch 18/30 ---",
    "E18 B375/1875 L: 1.0067",
    "E18 B750/1875 L: 1.2052",
    "E18 B1125/1875 L: 1.1090",
    "E18 B1500/1875 L: 0.5487",
    "E18 END - TrainL: 0.8785, ValAcc: 99.49%, ValL: 0.5219",
    "ZPE: [0.1999, 0.0143, 0.011, 0.0098, 0.0166, 0.2]",
    "--- Epoch 19/30 ---",
    "E19 B375/1875 L: 0.6516",
    "E19 B750/1875 L: 0.9404",
    "E19 B1125/1875 L: 0.5360",
    "E19 B1500/1875 L: 1.3602",
    "E19 END - TrainL: 0.8577, ValAcc: 99.46%, ValL: 0.5222",
    "ZPE: [0.1999, 0.0134, 0.01, 0.0072, 0.0139, 0.2]",
    "--- Epoch 20/30 ---",
    "E20 B375/1875 L: 0.5906",
    "E20 B750/1875 L: 0.8626",
    "E20 B1125/1875 L: 1.2854",
    "E20 B1500/1875 L: 1.3688",
    "E20 END - TrainL: 0.8539, ValAcc: 99.51%, ValL: 0.5197",
    "ZPE: [0.1999, 0.0151, 0.0097, 0.0111, 0.0149, 0.2]",
    "--- Epoch 21/30 ---",
    "E21 B375/1875 L: 0.7937",
    "E21 B750/1875 L: 1.0989",
    "E21 B1125/1875 L: 1.2814",
    "E21 B1500/1875 L: 0.7417",
    "E21 END - TrainL: 0.8501, ValAcc: 99.57%, ValL: 0.5195",
    "ZPE: [0.1999, 0.0142, 0.0104, 0.0095, 0.0143, 0.2]",
    "--- Epoch 22/30 ---",
    "E22 B375/1875 L: 0.6656",
    "E22 B750/1875 L: 0.8935",
    "E22 B1125/1875 L: 1.3173",
    "E22 B1500/1875 L: 0.7646",
    "E22 END - TrainL: 0.8412, ValAcc: 99.58%, ValL: 0.5156",
    "ZPE: [0.1999, 0.0126, 0.009, 0.009, 0.0127, 0.2]",
    "--- Epoch 23/30 ---",
    "E23 B375/1875 L: 1.1279",
    "E23 B750/1875 L: 1.3050",
    "E23 B1125/1875 L: 1.1947",
    "E23 B1500/1875 L: 0.6383",
    "E23 END - TrainL: 0.8404, ValAcc: 99.53%, ValL: 0.5173",
    "ZPE: [0.1999, 0.0135, 0.0094, 0.0087, 0.0133, 0.2]",
    "--- Epoch 24/30 ---",
    "E24 B375/1875 L: 0.8740",
    "E24 B750/1875 L: 1.2239",
    "E24 B1125/1875 L: 0.5983",
    "E24 B1500/1875 L: 1.0246",
    "E24 END - TrainL: 0.8405, ValAcc: 99.58%, ValL: 0.5174",
    "ZPE: [0.1999, 0.0139, 0.0104, 0.0089, 0.0147, 0.2]",
    "--- Epoch 25/30 ---",
    "E25 B375/1875 L: 1.1775",
    "E25 B750/1875 L: 0.9916",
    "E25 B1125/1875 L: 0.7081",
    "E25 B1500/1875 L: 0.5564",
    "E25 END - TrainL: 0.8234, ValAcc: 99.56%, ValL: 0.5179",
    "ZPE: [0.1999, 0.0125, 0.0091, 0.0091, 0.0131, 0.2]",
    "--- Epoch 26/30 ---",
    "E26 B375/1875 L: 1.1584",
    "E26 B750/1875 L: 0.5783",
    "E26 B1125/1875 L: 1.1274",
    "E26 B1500/1875 L: 0.9258",
    "E26 END - TrainL: 0.8343, ValAcc: 99.51%, ValL: 0.5155",
    "ZPE: [0.1999, 0.0114, 0.008, 0.0081, 0.0126, 0.2]",
    "--- Epoch 27/30 ---",
    "E27 B375/1875 L: 1.2106",
    "E27 B750/1875 L: 0.8258",
    "E27 B1125/1875 L: 1.1394",
    "E27 B1500/1875 L: 1.0244",
    "E27 END - TrainL: 0.8281, ValAcc: 99.56%, ValL: 0.5154",
    "ZPE: [0.1999, 0.0138, 0.0094, 0.0099, 0.0136, 0.2]",
    "--- Epoch 28/30 ---",
    "E28 B375/1875 L: 0.8157",
    "E28 B750/1875 L: 1.2314",
