{
  "job_id": "zpe_job_9d4be467",
  "status": "stopped",
  "current_epoch": 1,
  "zpe_history": [],
  "total_epochs": 60,
  "accuracy": 0.0,
  "loss": 1.104797124862671,
  "zpe_effects": [
    0.19999998807907104,
    0.13578717410564423,
    0.10030307620763779,
    0.11758468300104141,
    0.04366828128695488,
    0.19999998807907104
  ],
  "log_messages": [
    "Init job: ZPE-Colab-Sim_hnn_step8",
    "Starting PyTorch training: ZPE-Colab-Sim_hnn_step8",
    "Device: cuda",
    "Setting up MNIST dataset...",
    "DataLoaders created. Train: 1875, Val: 313 batches.",
    "Model & Optimizer initialized.",
    "--- Epoch 1/60 ---",
    "E1 B375/1875 L: 1.2634",
    "E1 B750/1875 L: 0.9674",
    "E1 B1125/1875 L: 0.6342",
    "E1 B1500/1875 L: 1.1048",
    "Stop request received."
  ],
  "parameters": {
    "totalEpochs": 60,
    "batchSize": 32,
    "learningRate": 0.0012,
    "weightDecay": 1.2567843546879078e-05,
    "momentumParams": [
      0.96,
      0.85,
      0.78,
      0.72,
      0.41,
      0.75
    ],
    "strengthParams": [
      0.18,
      0.54,
      0.4,
      0.59,
      0.36,
      0.43
    ],
    "noiseParams": [
      0.16,
      0.26,
      0.24,
      0.43,
      0.28,
      0.23
    ],
    "couplingParams": [
      0.8,
      0.85,
      0.82,
      0.79,
      0.76,
      0.65
    ],
    "quantumCircuitSize": 32,
    "labelSmoothing": 0.08,
    "quantumMode": true,
    "modelName": "ZPE-Colab-Sim_hnn_step8",
    "baseConfigId": "zpe_job_169cda4c"
  },
  "start_time": "2025-06-07T19:46:00.987299",
  "end_time": null,
  "gpu_info": {
    "id": "0",
    "name": "NVIDIA GeForce RTX 3050 6GB Laptop GPU",
    "utilization_gpu_percent": 88.0,
    "utilization_memory_io_percent": 78.0,
    "memory_total_mb": 6144.0,
    "memory_used_mb": 624.875,
    "memory_free_mb": 5519.125,
    "memory_used_percent": 10.170491536458334,
    "temperature_c": 73.0,
    "power_draw_w": 34.798,
    "fan_speed_percent": null
  }
}