{
  "job_id": "zpe_job_12e358ac",
  "status": "stopped",
  "current_epoch": 3,
  "zpe_history": [
    {
      "epoch": 1,
      "zpe_effects": [
        0.1998872011899948,
        0.16812807321548462,
        0.10164143890142441,
        0.1227915808558464,
        0.0877726674079895,
        0.19935281574726105
      ]
    },
    {
      "epoch": 2,
      "zpe_effects": [
        0.1998872011899948,
        0.1123289093375206,
        0.08010479062795639,
        0.06399853527545929,
        0.059011757373809814,
        0.19798527657985687
      ]
    },
    {
      "epoch": 3,
      "zpe_effects": [
        0.1998872011899948,
        0.08285123109817505,
        0.04644683748483658,
        0.07870646566152573,
        0.04708355665206909,
        0.19999998807907104
      ]
    }
  ],
  "total_epochs": 60,
  "accuracy": 98.88,
  "loss": 0.4951533002975269,
  "zpe_effects": [
    0.1998872011899948,
    0.08285123109817505,
    0.04644683748483658,
    0.07870646566152573,
    0.04708355665206909,
    0.19999998807907104
  ],
  "log_messages": [
    "Init job: ZPE-Colab-Sim_hnn_step8_retrain_7051",
    "Starting PyTorch training: ZPE-Colab-Sim_hnn_step8_retrain_7051",
    "Device: cuda",
    "Setting up MNIST dataset...",
    "DataLoaders created. Train: 1875, Val: 313 batches.",
    "Model & Optimizer initialized.",
    "No previous weights found for baseConfigId zpe_job_db411991, starting fresh.",
    "--- Epoch 1/60 ---",
    "E1 B375/1875 L: 0.9118",
    "E1 B750/1875 L: 0.9166",
    "E1 B1125/1875 L: 1.1613",
    "E1 B1500/1875 L: 1.6130",
    "E1 END - TrainL: 1.1946, ValAcc: 98.40%, ValL: 0.5123",
    "ZPE: ['0.1999', '0.1681', '0.1016', '0.1228', '0.0878', '0.1994']",
    "--- Epoch 2/60 ---",
    "E2 B375/1875 L: 1.6825",
    "E2 B750/1875 L: 1.4776",
    "E2 B1125/1875 L: 0.7051",
    "E2 B1500/1875 L: 0.9683",
    "E2 END - TrainL: 1.0304, ValAcc: 98.74%, ValL: 0.4875",
    "ZPE: ['0.1999', '0.1123', '0.0801', '0.0640', '0.0590', '0.1980']",
    "--- Epoch 3/60 ---",
    "E3 B375/1875 L: 0.5655",
    "E3 B750/1875 L: 0.5342",
    "E3 B1125/1875 L: 1.1402",
    "E3 B1500/1875 L: 0.5291",
    "E3 END - TrainL: 0.9977, ValAcc: 98.88%, ValL: 0.4952",
    "ZPE: ['0.1999', '0.0829', '0.0464', '0.0787', '0.0471', '0.2000']",
    "--- Epoch 4/60 ---",
    "Stop request received."
  ],
  "parameters": {
    "totalEpochs": 60,
    "batchSize": 32,
    "learningRate": 0.0013,
    "weightDecay": 1.2567843546879078e-05,
    "momentumParams": [
      0.96,
      0.87,
      0.8,
      0.74,
      0.43,
      0.75
    ],
    "strengthParams": [
      0.18,
      0.56,
      0.42,
      0.61,
      0.38,
      0.43
    ],
    "noiseParams": [
      0.16,
      0.24,
      0.22,
      0.41,
      0.26,
      0.23
    ],
    "couplingParams": [
      0.8,
      0.83,
      0.8,
      0.77,
      0.74,
      0.65
    ],
    "quantumCircuitSize": 32,
    "labelSmoothing": 0.08,
    "quantumMode": true,
    "modelName": "ZPE-Colab-Sim_hnn_step8_retrain_7051",
    "baseConfigId": "zpe_job_db411991"
  },
  "start_time": "2025-06-10T01:58:26.178854",
  "end_time": null,
  "gpu_info": {
    "id": "0",
    "name": "NVIDIA GeForce RTX 3050 6GB Laptop GPU",
    "utilization_gpu_percent": 0.0,
    "utilization_memory_io_percent": 0.0,
    "memory_total_mb": 6144.0,
    "memory_used_mb": 343.0,
    "memory_free_mb": 5801.0,
    "memory_used_percent": 5.582682291666667,
    "temperature_c": 50.0,
    "power_draw_w": 4.458,
    "fan_speed_percent": null
  }
}