{
  "job_id": "zpe_job_13feb551",
  "status": "completed",
  "current_epoch": 30,
  "total_epochs": 30,
  "accuracy": 99.66,
  "loss": 0.5123399094270822,
  "zpe_effects": [
    0.1998872011899948,
    0.024975014850497246,
    0.019563186913728714,
    0.02702937088906765,
    0.02564413659274578,
    0.19999998807907104
  ],
  "log_messages": [
    "Init job: ZPE-Colab-Sim_hnn_step5",
    "Starting PyTorch training: ZPE-Colab-Sim_hnn_step5",
    "Device: cuda",
    "Setting up MNIST dataset...",
    "DataLoaders created. Train: 1875, Val: 313 batches.",
    "Model & Optimizer initialized.",
    "--- Epoch 1/30 ---",
    "E1 B375/1875 L: 1.3569",
    "E1 B750/1875 L: 1.6807",
    "E1 B1125/1875 L: 1.2693",
    "E1 B1500/1875 L: 1.6666",
    "E1 END - TrainL: 1.2107, ValAcc: 98.71%, ValL: 0.5703",
    "ZPE: [0.1999, 0.1784, 0.1135, 0.1309, 0.085, 0.2]",
    "--- Epoch 2/30 ---",
    "E2 B375/1875 L: 1.2968",
    "E2 B750/1875 L: 1.6499",
    "E2 B1125/1875 L: 0.6608",
    "E2 B1500/1875 L: 1.6470",
    "E2 END - TrainL: 1.0845, ValAcc: 98.38%, ValL: 0.5833",
    "ZPE: [0.1999, 0.151, 0.1015, 0.0955, 0.0755, 0.2]",
    "--- Epoch 3/30 ---",
    "E3 B375/1875 L: 1.5554",
    "E3 B750/1875 L: 0.8952",
    "E3 B1125/1875 L: 0.8889",
    "E3 B1500/1875 L: 0.7179",
    "E3 END - TrainL: 1.0394, ValAcc: 98.78%, ValL: 0.5542",
    "ZPE: [0.1999, 0.1163, 0.0581, 0.0931, 0.0505, 0.2]",
    "--- Epoch 4/30 ---",
    "E4 B375/1875 L: 1.4277",
    "E4 B750/1875 L: 0.5883",
    "E4 B1125/1875 L: 0.5829",
    "E4 B1500/1875 L: 0.6087",
    "E4 END - TrainL: 1.0250, ValAcc: 99.00%, ValL: 0.5456",
    "ZPE: [0.1999, 0.0963, 0.0489, 0.078, 0.0349, 0.2]",
    "--- Epoch 5/30 ---",
    "E5 B375/1875 L: 0.9390",
    "E5 B750/1875 L: 1.2086",
    "E5 B1125/1875 L: 1.3478",
    "E5 B1500/1875 L: 1.1516",
    "E5 END - TrainL: 1.0004, ValAcc: 99.23%, ValL: 0.5744",
    "ZPE: [0.1999, 0.0798, 0.0491, 0.0635, 0.0527, 0.2]",
    "--- Epoch 6/30 ---",
    "E6 B375/1875 L: 1.1261",
    "E6 B750/1875 L: 1.4246",
    "E6 B1125/1875 L: 0.5440",
    "E6 B1500/1875 L: 1.2185",
    "E6 END - TrainL: 0.9879, ValAcc: 98.96%, ValL: 0.5675",
    "ZPE: [0.1999, 0.0693, 0.0398, 0.0666, 0.0417, 0.2]",
    "--- Epoch 7/30 ---",
    "E7 B375/1875 L: 0.6314",
    "E7 B750/1875 L: 0.6461",
    "E7 B1125/1875 L: 0.8904",
    "E7 B1500/1875 L: 0.8464",
    "E7 END - TrainL: 0.9654, ValAcc: 99.29%, ValL: 0.5336",
    "ZPE: [0.1999, 0.0571, 0.037, 0.0475, 0.0304, 0.2]",
    "--- Epoch 8/30 ---",
    "E8 B375/1875 L: 0.9281",
    "E8 B750/1875 L: 0.6829",
    "E8 B1125/1875 L: 0.5661",
    "E8 B1500/1875 L: 0.8454",
    "E8 END - TrainL: 0.9578, ValAcc: 99.35%, ValL: 0.5385",
    "ZPE: [0.1999, 0.0509, 0.0326, 0.0494, 0.0313, 0.2]",
    "--- Epoch 9/30 ---",
    "E9 B375/1875 L: 0.9321",
    "E9 B750/1875 L: 1.1711",
    "E9 B1125/1875 L: 0.9096",
    "E9 B1500/1875 L: 0.5932",
    "E9 END - TrainL: 0.9595, ValAcc: 99.19%, ValL: 0.5821",
    "ZPE: [0.1999, 0.0428, 0.0297, 0.0411, 0.0423, 0.1957]",
    "--- Epoch 10/30 ---",
    "E10 B375/1875 L: 1.2290",
    "E10 B750/1875 L: 0.7226",
    "E10 B1125/1875 L: 1.3722",
    "E10 B1500/1875 L: 1.3439",
    "E10 END - TrainL: 0.9353, ValAcc: 99.28%, ValL: 0.5558",
    "ZPE: [0.1999, 0.0382, 0.0271, 0.0378, 0.0318, 0.2]",
    "--- Epoch 11/30 ---",
    "E11 B375/1875 L: 1.1433",
    "E11 B750/1875 L: 0.7604",
    "E11 B1125/1875 L: 1.1739",
    "E11 B1500/1875 L: 1.0405",
    "E11 END - TrainL: 0.9338, ValAcc: 99.36%, ValL: 0.5408",
    "ZPE: [0.1999, 0.035, 0.021, 0.0453, 0.033, 0.2]",
    "--- Epoch 12/30 ---",
    "E12 B375/1875 L: 1.4890",
    "E12 B750/1875 L: 0.5309",
    "E12 B1125/1875 L: 0.7338",
    "E12 B1500/1875 L: 0.6356",
    "E12 END - TrainL: 0.9337, ValAcc: 99.60%, ValL: 0.5443",
    "ZPE: [0.1999, 0.0339, 0.0278, 0.0313, 0.027, 0.2]",
    "--- Epoch 13/30 ---",
    "E13 B375/1875 L: 0.5992",
    "E13 B750/1875 L: 0.6247",
    "E13 B1125/1875 L: 0.6316",
    "E13 B1500/1875 L: 1.2562",
    "E13 END - TrainL: 0.9084, ValAcc: 99.50%, ValL: 0.5391",
    "ZPE: [0.1999, 0.0321, 0.0234, 0.0446, 0.0318, 0.2]",
    "--- Epoch 14/30 ---",
    "E14 B375/1875 L: 0.7278",
    "E14 B750/1875 L: 0.7373",
    "E14 B1125/1875 L: 1.1669",
    "E14 B1500/1875 L: 0.7346",
    "E14 END - TrainL: 0.9062, ValAcc: 99.51%, ValL: 0.5300",
    "ZPE: [0.1999, 0.0286, 0.0224, 0.0397, 0.03, 0.2]",
    "--- Epoch 15/30 ---",
    "E15 B375/1875 L: 1.0105",
    "E15 B750/1875 L: 0.7679",
    "E15 B1125/1875 L: 0.9154",
    "E15 B1500/1875 L: 1.1772",
    "E15 END - TrainL: 0.8975, ValAcc: 99.48%, ValL: 0.5292",
    "ZPE: [0.1999, 0.0259, 0.0218, 0.0284, 0.0262, 0.2]",
    "--- Epoch 16/30 ---",
    "E16 B375/1875 L: 1.1455",
    "E16 B750/1875 L: 1.1018",
    "E16 B1125/1875 L: 1.1750",
    "E16 B1500/1875 L: 1.0561",
    "E16 END - TrainL: 0.9009, ValAcc: 99.48%, ValL: 0.5397",
    "ZPE: [0.1999, 0.0303, 0.0205, 0.0306, 0.0292, 0.2]",
    "--- Epoch 17/30 ---",
    "E17 B375/1875 L: 0.6894",
    "E17 B750/1875 L: 1.1671",
    "E17 B1125/1875 L: 1.2284",
    "E17 B1500/1875 L: 0.5687",
    "E17 END - TrainL: 0.8929, ValAcc: 99.57%, ValL: 0.5296",
    "ZPE: [0.1999, 0.0288, 0.0179, 0.0348, 0.0265, 0.2]",
    "--- Epoch 18/30 ---",
    "E18 B375/1875 L: 0.7121",
    "E18 B750/1875 L: 0.5721",
    "E18 B1125/1875 L: 1.1537",
    "E18 B1500/1875 L: 0.8103",
    "E18 END - TrainL: 0.8780, ValAcc: 99.60%, ValL: 0.5190",
    "ZPE: [0.1999, 0.0258, 0.018, 0.0318, 0.0231, 0.2]",
    "--- Epoch 19/30 ---",
    "E19 B375/1875 L: 0.7066",
    "E19 B750/1875 L: 0.9578",
    "E19 B1125/1875 L: 0.9990",
    "E19 B1500/1875 L: 0.9825",
    "E19 END - TrainL: 0.8681, ValAcc: 99.63%, ValL: 0.5180",
    "ZPE: [0.1999, 0.0263, 0.0182, 0.0278, 0.0283, 0.2]",
    "--- Epoch 20/30 ---",
    "E20 B375/1875 L: 0.6797",
    "E20 B750/1875 L: 0.6671",
    "E20 B1125/1875 L: 0.6377",
    "E20 B1500/1875 L: 0.5244",
    "E20 END - TrainL: 0.8698, ValAcc: 99.60%, ValL: 0.5204",
    "ZPE: [0.1999, 0.0249, 0.018, 0.0284, 0.0238, 0.2]",
    "--- Epoch 21/30 ---",
    "E21 B375/1875 L: 1.1379",
    "E21 B750/1875 L: 1.3139",
    "E21 B1125/1875 L: 0.8745",
    "E21 B1500/1875 L: 0.6320",
    "E21 END - TrainL: 0.8611, ValAcc: 99.59%, ValL: 0.5185",
    "ZPE: [0.1999, 0.0275, 0.0215, 0.0282, 0.0274, 0.2]",
    "--- Epoch 22/30 ---",
    "E22 B375/1875 L: 1.2765",
    "E22 B750/1875 L: 0.5516",
    "E22 B1125/1875 L: 0.8711",
    "E22 B1500/1875 L: 0.8018",
    "E22 END - TrainL: 0.8581, ValAcc: 99.64%, ValL: 0.5160",
    "ZPE: [0.1999, 0.0276, 0.0204, 0.0261, 0.0264, 0.2]",
    "--- Epoch 23/30 ---",
    "E23 B375/1875 L: 0.7783",
    "E23 B750/1875 L: 0.7523",
    "E23 B1125/1875 L: 0.9340",
    "E23 B1500/1875 L: 0.9489",
    "E23 END - TrainL: 0.8454, ValAcc: 99.66%, ValL: 0.5164",
    "ZPE: [0.1999, 0.0276, 0.0204, 0.0275, 0.0265, 0.2]",
    "--- Epoch 24/30 ---",
    "E24 B375/1875 L: 0.5111",
    "E24 B750/1875 L: 0.8345",
    "E24 B1125/1875 L: 0.9318",
    "E24 B1500/1875 L: 1.0625",
    "E24 END - TrainL: 0.8487, ValAcc: 99.62%, ValL: 0.5145",
    "ZPE: [0.1999, 0.0231, 0.0188, 0.027, 0.0264, 0.2]",
    "--- Epoch 25/30 ---",
    "E25 B375/1875 L: 0.8067",
    "E25 B750/1875 L: 0.5100",
    "E25 B1125/1875 L: 0.7167",
    "E25 B1500/1875 L: 0.5452",
    "E25 END - TrainL: 0.8561, ValAcc: 99.66%, ValL: 0.5133",
    "ZPE: [0.1999, 0.0246, 0.0194, 0.0288, 0.0258, 0.2]",
    "--- Epoch 26/30 ---",
    "E26 B375/1875 L: 1.1744",
    "E26 B750/1875 L: 1.1957",
    "E26 B1125/1875 L: 1.1123",
    "E26 B1500/1875 L: 0.5217",
    "E26 END - TrainL: 0.8269, ValAcc: 99.67%, ValL: 0.5126",
    "ZPE: [0.1999, 0.0226, 0.0182, 0.028, 0.0257, 0.2]",
    "--- Epoch 27/30 ---",
    "E27 B375/1875 L: 0.7133",
    "E27 B750/1875 L: 0.8461",
    "E27 B1125/1875 L: 0.8262",
    "E27 B1500/1875 L: 0.5860",
    "E27 END - TrainL: 0.8344, ValAcc: 99.66%, ValL: 0.5120",
    "ZPE: [0.1999, 0.0217, 0.0181, 0.0273, 0.0267, 0.2]",
    "--- Epoch 28/30 ---",
    "E28 B375/1875 L: 0.7151",
    "E28 B750/1875 L: 0.6791",
