{
  "job_id": "zpe_job_9ef988e4",
  "status": "stopped",
  "current_epoch": 5,
  "zpe_history": [
    {
      "epoch": 1,
      "zpe_effects": [
        0.1998872011899948,
        0.1520601361989975,
        0.10119408369064331,
        0.1262703388929367,
        0.10252882540225983,
        0.19999998807907104
      ]
    },
    {
      "epoch": 2,
      "zpe_effects": [
        0.1998872011899948,
        0.10183270275592804,
        0.07818353176116943,
        0.10163678973913193,
        0.046634651720523834,
        0.19999998807907104
      ]
    },
    {
      "epoch": 3,
      "zpe_effects": [
        0.1998872011899948,
        0.06512725353240967,
        0.05927532911300659,
        0.06239541992545128,
        0.05888328701257706,
        0.19999998807907104
      ]
    },
    {
      "epoch": 4,
      "zpe_effects": [
        0.1998872011899948,
        0.046993982046842575,
        0.039460208266973495,
        0.05536552891135216,
        0.0438435934484005,
        0.19999998807907104
      ]
    }
  ],
  "total_epochs": 50,
  "accuracy": 98.75,
  "loss": 0.7124822735786438,
  "zpe_effects": [
    0.19999998807907104,
    0.03756904602050781,
    0.02810998074710369,
    0.04483921453356743,
    0.03108452633023262,
    0.19999998807907104
  ],
  "log_messages": [
    "Init job: ZPE-Colab-Sim_hnn_step9_cont_3367",
    "Starting PyTorch training: ZPE-Colab-Sim_hnn_step9_cont_3367",
    "Device: cuda",
    "Setting up MNIST dataset...",
    "DataLoaders created. Train: 1875, Val: 313 batches.",
    "Model & Optimizer initialized.",
    "--- Epoch 1/50 ---",
    "E1 B375/1875 L: 1.9608",
    "E1 B750/1875 L: 1.2249",
    "E1 B1125/1875 L: 0.6223",
    "E1 B1500/1875 L: 1.4723",
    "E1 END - TrainL: 1.2126, ValAcc: 98.65%, ValL: 0.4967",
    "ZPE: ['0.1999', '0.1521', '0.1012', '0.1263', '0.1025', '0.2000']",
    "--- Epoch 2/50 ---",
    "E2 B375/1875 L: 0.7739",
    "E2 B750/1875 L: 1.7348",
    "E2 B1125/1875 L: 0.5221",
    "E2 B1500/1875 L: 1.5900",
    "E2 END - TrainL: 1.0418, ValAcc: 98.82%, ValL: 0.5023",
    "ZPE: ['0.1999', '0.1018', '0.0782', '0.1016', '0.0466', '0.2000']",
    "--- Epoch 3/50 ---",
    "E3 B375/1875 L: 1.0507",
    "E3 B750/1875 L: 0.7989",
    "E3 B1125/1875 L: 0.6269",
    "E3 B1500/1875 L: 0.8000",
    "E3 END - TrainL: 1.0078, ValAcc: 98.87%, ValL: 0.4728",
    "ZPE: ['0.1999', '0.0651', '0.0593', '0.0624', '0.0589', '0.2000']",
    "--- Epoch 4/50 ---",
    "E4 B375/1875 L: 1.1622",
    "E4 B750/1875 L: 1.1128",
    "E4 B1125/1875 L: 0.9774",
    "E4 B1500/1875 L: 0.5159",
    "E4 END - TrainL: 0.9798, ValAcc: 98.75%, ValL: 0.4953",
    "ZPE: ['0.1999', '0.0470', '0.0395', '0.0554', '0.0438', '0.2000']",
    "--- Epoch 5/50 ---",
    "E5 B375/1875 L: 1.4176",
    "E5 B750/1875 L: 0.7125",
    "Stop request received."
  ],
  "parameters": {
    "totalEpochs": 50,
    "batchSize": 32,
    "learningRate": 0.0014,
    "weightDecay": 1.2567843546879078e-05,
    "momentumParams": [
      0.96,
      0.86,
      0.79,
      0.73,
      0.42,
      0.76
    ],
    "strengthParams": [
      0.17,
      0.53,
      0.39,
      0.58,
      0.35,
      0.42
    ],
    "noiseParams": [
      0.15,
      0.25,
      0.23,
      0.42,
      0.27,
      0.22
    ],
    "couplingParams": [
      0.79,
      0.84,
      0.81,
      0.78,
      0.75,
      0.64
    ],
    "quantumCircuitSize": 32,
    "labelSmoothing": 0.08,
    "quantumMode": true,
    "modelName": "ZPE-Colab-Sim_hnn_step9_cont_3367",
    "baseConfigId": "zpe_job_f0e067e8"
  },
  "start_time": "2025-06-09T13:18:53.377437",
  "end_time": null,
  "gpu_info": {
    "id": "0",
    "name": "NVIDIA GeForce RTX 3050 6GB Laptop GPU",
    "utilization_gpu_percent": 78.0,
    "utilization_memory_io_percent": 70.0,
    "memory_total_mb": 6144.0,
    "memory_used_mb": 624.875,
    "memory_free_mb": 5519.125,
    "memory_used_percent": 10.170491536458334,
    "temperature_c": 73.0,
    "power_draw_w": 34.897,
    "fan_speed_percent": null
  }
}