{
  "job_id": "zpe_job_e772206a",
  "status": "completed",
  "current_epoch": 30,
  "total_epochs": 30,
  "accuracy": 99.63,
  "loss": 0.5143649168669606,
  "zpe_effects": [
    0.1998872011899948,
    0.015704607591032982,
    0.010010778903961182,
    0.008674955926835537,
    0.014922547154128551,
    0.19999998807907104
  ],
  "log_messages": [
    "Init job: ZPE-QuantumWeaver-V1",
    "Starting PyTorch training: ZPE-QuantumWeaver-V1",
    "Device: cuda",
    "Setting up MNIST dataset...",
    "DataLoaders created. Train: 1875, Val: 313 batches.",
    "Model & Optimizer initialized.",
    "--- Epoch 1/30 ---",
    "E1 B375/1875 L: 1.3323",
    "E1 B750/1875 L: 0.8109",
    "E1 B1125/1875 L: 0.6579",
    "E1 B1500/1875 L: 0.7167",
    "E1 END - TrainL: 1.2000, ValAcc: 98.56%, ValL: 0.5876",
    "ZPE: [0.1999, 0.1629, 0.1039, 0.1318, 0.0801, 0.2]",
    "--- Epoch 2/30 ---",
    "E2 B375/1875 L: 1.4912",
    "E2 B750/1875 L: 0.6636",
    "E2 B1125/1875 L: 0.5641",
    "E2 B1500/1875 L: 0.6716",
    "E2 END - TrainL: 1.0583, ValAcc: 99.05%, ValL: 0.5417",
    "ZPE: [0.1999, 0.1195, 0.0633, 0.0751, 0.0376, 0.2]",
    "--- Epoch 3/30 ---",
    "E3 B375/1875 L: 0.8413",
    "E3 B750/1875 L: 0.8483",
    "E3 B1125/1875 L: 0.6571",
    "E3 B1500/1875 L: 1.4120",
    "E3 END - TrainL: 1.0520, ValAcc: 99.04%, ValL: 0.5476",
    "ZPE: [0.1999, 0.0982, 0.0468, 0.0729, 0.0317, 0.2]",
    "--- Epoch 4/30 ---",
    "E4 B375/1875 L: 0.5735",
    "E4 B750/1875 L: 0.9323",
    "E4 B1125/1875 L: 1.2666",
    "E4 B1500/1875 L: 1.2306",
    "E4 END - TrainL: 1.0221, ValAcc: 99.04%, ValL: 0.5521",
    "ZPE: [0.1999, 0.0807, 0.043, 0.0495, 0.0336, 0.2]",
    "--- Epoch 5/30 ---",
    "E5 B375/1875 L: 1.2758",
    "E5 B750/1875 L: 1.2030",
    "E5 B1125/1875 L: 1.3415",
    "E5 B1500/1875 L: 1.5124",
    "E5 END - TrainL: 1.0018, ValAcc: 98.72%, ValL: 0.5558",
    "ZPE: [0.1999, 0.0611, 0.0313, 0.035, 0.03, 0.2]",
    "--- Epoch 6/30 ---",
    "E6 B375/1875 L: 1.4402",
    "E6 B750/1875 L: 1.4571",
    "E6 B1125/1875 L: 1.1808",
    "E6 B1500/1875 L: 1.3974",
    "E6 END - TrainL: 0.9887, ValAcc: 99.07%, ValL: 0.5723",
    "ZPE: [0.1999, 0.0543, 0.0271, 0.0412, 0.0328, 0.2]",
    "--- Epoch 7/30 ---",
    "E7 B375/1875 L: 0.7368",
    "E7 B750/1875 L: 0.5688",
    "E7 B1125/1875 L: 0.6640",
    "E7 B1500/1875 L: 0.8207",
    "E7 END - TrainL: 0.9752, ValAcc: 99.14%, ValL: 0.5549",
    "ZPE: [0.1999, 0.043, 0.0248, 0.0176, 0.022, 0.2]",
    "--- Epoch 8/30 ---",
    "E8 B375/1875 L: 1.1555",
    "E8 B750/1875 L: 0.7593",
    "E8 B1125/1875 L: 0.9137",
    "E8 B1500/1875 L: 0.6206",
    "E8 END - TrainL: 0.9671, ValAcc: 99.03%, ValL: 0.5635",
    "ZPE: [0.1999, 0.0351, 0.0167, 0.0256, 0.0225, 0.2]",
    "--- Epoch 9/30 ---",
    "E9 B375/1875 L: 1.0741",
    "E9 B750/1875 L: 1.4161",
    "E9 B1125/1875 L: 1.1993",
    "E9 B1500/1875 L: 0.6145",
    "E9 END - TrainL: 0.9577, ValAcc: 99.33%, ValL: 0.5403",
    "ZPE: [0.1999, 0.0337, 0.0227, 0.0234, 0.0233, 0.2]",
    "--- Epoch 10/30 ---",
    "E10 B375/1875 L: 1.4988",
    "E10 B750/1875 L: 0.7336",
    "E10 B1125/1875 L: 0.5579",
    "E10 B1500/1875 L: 1.0845",
    "E10 END - TrainL: 0.9537, ValAcc: 99.10%, ValL: 0.5687",
    "ZPE: [0.1999, 0.0273, 0.0185, 0.0148, 0.0203, 0.1831]",
    "--- Epoch 11/30 ---",
    "E11 B375/1875 L: 1.0372",
    "E11 B750/1875 L: 0.6802",
    "E11 B1125/1875 L: 0.5702",
    "E11 B1500/1875 L: 1.1207",
    "E11 END - TrainL: 0.9351, ValAcc: 99.26%, ValL: 0.5402",
    "ZPE: [0.1999, 0.0233, 0.0128, 0.0132, 0.0191, 0.2]",
    "--- Epoch 12/30 ---",
    "E12 B375/1875 L: 1.3512",
    "E12 B750/1875 L: 1.2145",
    "E12 B1125/1875 L: 1.5400",
    "E12 B1500/1875 L: 0.6317",
    "E12 END - TrainL: 0.9340, ValAcc: 99.30%, ValL: 0.5256",
    "ZPE: [0.1999, 0.021, 0.0116, 0.0139, 0.02, 0.2]",
    "--- Epoch 13/30 ---",
    "E13 B375/1875 L: 0.5875",
    "E13 B750/1875 L: 0.5821",
    "E13 B1125/1875 L: 1.4558",
    "E13 B1500/1875 L: 1.1952",
    "E13 END - TrainL: 0.9106, ValAcc: 99.41%, ValL: 0.5422",
    "ZPE: [0.1999, 0.021, 0.0159, 0.0139, 0.0234, 0.2]",
    "--- Epoch 14/30 ---",
    "E14 B375/1875 L: 0.6324",
    "E14 B750/1875 L: 0.5784",
    "E14 B1125/1875 L: 0.5654",
    "E14 B1500/1875 L: 0.7716",
    "E14 END - TrainL: 0.9103, ValAcc: 99.29%, ValL: 0.5299",
    "ZPE: [0.1999, 0.0201, 0.0129, 0.0111, 0.0163, 0.2]",
    "--- Epoch 15/30 ---",
    "E15 B375/1875 L: 0.6516",
    "E15 B750/1875 L: 1.3881",
    "E15 B1125/1875 L: 0.8461",
    "E15 B1500/1875 L: 0.5937",
    "E15 END - TrainL: 0.8864, ValAcc: 99.40%, ValL: 0.5280",
    "ZPE: [0.1999, 0.0157, 0.0095, 0.0118, 0.0168, 0.2]",
    "--- Epoch 16/30 ---",
    "E16 B375/1875 L: 0.6333",
    "E16 B750/1875 L: 0.6236",
    "E16 B1125/1875 L: 1.1453",
    "E16 B1500/1875 L: 0.5454",
    "E16 END - TrainL: 0.8850, ValAcc: 99.31%, ValL: 0.5306",
    "ZPE: [0.1999, 0.0199, 0.0118, 0.0142, 0.0199, 0.2]",
    "--- Epoch 17/30 ---",
    "E17 B375/1875 L: 0.6132",
    "E17 B750/1875 L: 0.5209",
    "E17 B1125/1875 L: 1.2400",
    "E17 B1500/1875 L: 0.7122",
    "E17 END - TrainL: 0.8837, ValAcc: 99.45%, ValL: 0.5264",
    "ZPE: [0.1999, 0.0184, 0.01, 0.0119, 0.0157, 0.2]",
    "--- Epoch 18/30 ---",
    "E18 B375/1875 L: 0.9672",
    "E18 B750/1875 L: 1.2209",
    "E18 B1125/1875 L: 0.7337",
    "E18 B1500/1875 L: 0.7558",
    "E18 END - TrainL: 0.8721, ValAcc: 99.42%, ValL: 0.5220",
    "ZPE: [0.1999, 0.0181, 0.012, 0.0109, 0.0144, 0.2]",
    "--- Epoch 19/30 ---",
    "E19 B375/1875 L: 0.6781",
    "E19 B750/1875 L: 0.5518",
    "E19 B1125/1875 L: 0.5314",
    "E19 B1500/1875 L: 1.3847",
    "E19 END - TrainL: 0.8717, ValAcc: 99.48%, ValL: 0.5199",
    "ZPE: [0.1999, 0.0153, 0.0084, 0.0087, 0.0141, 0.2]",
    "--- Epoch 20/30 ---",
    "E20 B375/1875 L: 0.7281",
    "E20 B750/1875 L: 0.6063",
    "E20 B1125/1875 L: 0.5675",
    "E20 B1500/1875 L: 1.0421",
    "E20 END - TrainL: 0.8457, ValAcc: 99.48%, ValL: 0.5209",
    "ZPE: [0.1999, 0.0141, 0.0074, 0.0091, 0.0155, 0.2]",
    "--- Epoch 21/30 ---",
    "E21 B375/1875 L: 0.5550",
    "E21 B750/1875 L: 0.8130",
    "E21 B1125/1875 L: 0.7431",
    "E21 B1500/1875 L: 0.9171",
    "E21 END - TrainL: 0.8575, ValAcc: 99.54%, ValL: 0.5186",
    "ZPE: [0.1999, 0.0166, 0.0096, 0.0101, 0.0167, 0.2]",
    "--- Epoch 22/30 ---",
    "E22 B375/1875 L: 0.6037",
    "E22 B750/1875 L: 1.2104",
    "E22 B1125/1875 L: 0.5970",
    "E22 B1500/1875 L: 0.8198",
    "E22 END - TrainL: 0.8596, ValAcc: 99.56%, ValL: 0.5175",
    "ZPE: [0.1999, 0.0153, 0.0098, 0.0079, 0.0143, 0.2]",
    "--- Epoch 23/30 ---",
    "E23 B375/1875 L: 1.0711",
    "E23 B750/1875 L: 1.1589",
    "E23 B1125/1875 L: 1.0564",
    "E23 B1500/1875 L: 0.8078",
    "E23 END - TrainL: 0.8384, ValAcc: 99.59%, ValL: 0.5171",
    "ZPE: [0.1999, 0.0165, 0.009, 0.0092, 0.015, 0.2]",
    "--- Epoch 24/30 ---",
    "E24 B375/1875 L: 1.1298",
    "E24 B750/1875 L: 0.5541",
    "E24 B1125/1875 L: 1.1906",
    "E24 B1500/1875 L: 0.5535",
    "E24 END - TrainL: 0.8440, ValAcc: 99.54%, ValL: 0.5167",
    "ZPE: [0.1999, 0.0157, 0.0093, 0.0089, 0.0152, 0.2]",
    "--- Epoch 25/30 ---",
    "E25 B375/1875 L: 1.2768",
    "E25 B750/1875 L: 0.5723",
    "E25 B1125/1875 L: 0.7841",
    "E25 B1500/1875 L: 1.2866",
    "E25 END - TrainL: 0.8345, ValAcc: 99.64%, ValL: 0.5154",
    "ZPE: [0.1999, 0.0169, 0.0101, 0.0094, 0.0149, 0.2]",
    "--- Epoch 26/30 ---",
    "E26 B375/1875 L: 1.2624",
    "E26 B750/1875 L: 0.5263",
    "E26 B1125/1875 L: 1.1481",
    "E26 B1500/1875 L: 0.7080",
    "E26 END - TrainL: 0.8323, ValAcc: 99.63%, ValL: 0.5147",
    "ZPE: [0.1999, 0.0175, 0.0106, 0.0097, 0.0152, 0.2]",
    "--- Epoch 27/30 ---",
    "E27 B375/1875 L: 0.9383",
    "E27 B750/1875 L: 0.9444",
    "E27 B1125/1875 L: 1.0242",
    "E27 B1500/1875 L: 0.8512",
    "E27 END - TrainL: 0.8258, ValAcc: 99.62%, ValL: 0.5142",
    "ZPE: [0.1999, 0.0169, 0.0104, 0.0099, 0.0153, 0.2]",
    "--- Epoch 28/30 ---",
    "E28 B375/1875 L: 0.9578",
    "E28 B750/1875 L: 0.9910",
