{
  "job_id": "zpe_job_91f50ce3",
  "status": "completed",
  "current_epoch": 30,
  "total_epochs": 30,
  "accuracy": 99.61,
  "loss": 0.5129513388243727,
  "zpe_effects": [
    0.1998872011899948,
    0.015165591612458229,
    0.010257161222398281,
    0.010607433505356312,
    0.014129102230072021,
    0.19999998807907104
  ],
  "log_messages": [
    "Init job: ZPE-QuantumWeaver-V1",
    "Starting PyTorch training: ZPE-QuantumWeaver-V1",
    "Device: cuda",
    "Setting up MNIST dataset...",
    "DataLoaders created. Train: 1875, Val: 313 batches.",
    "Model & Optimizer initialized.",
    "--- Epoch 1/30 ---",
    "E1 B375/1875 L: 0.7945",
    "E1 B750/1875 L: 1.5556",
    "E1 B1125/1875 L: 0.8696",
    "E1 B1500/1875 L: 1.0413",
    "E1 END - TrainL: 1.1890, ValAcc: 97.80%, ValL: 0.5951",
    "ZPE: [0.1999, 0.1578, 0.0989, 0.1044, 0.0673, 0.2]",
    "--- Epoch 2/30 ---",
    "E2 B375/1875 L: 1.3797",
    "E2 B750/1875 L: 1.1450",
    "E2 B1125/1875 L: 0.6874",
    "E2 B1500/1875 L: 0.8758",
    "E2 END - TrainL: 1.0578, ValAcc: 98.67%, ValL: 0.5675",
    "ZPE: [0.1999, 0.1323, 0.0689, 0.1031, 0.0682, 0.2]",
    "--- Epoch 3/30 ---",
    "E3 B375/1875 L: 1.3782",
    "E3 B750/1875 L: 1.0888",
    "E3 B1125/1875 L: 0.5902",
    "E3 B1500/1875 L: 1.2184",
    "E3 END - TrainL: 1.0342, ValAcc: 98.72%, ValL: 0.5659",
    "ZPE: [0.1999, 0.0944, 0.0592, 0.0514, 0.0314, 0.2]",
    "--- Epoch 4/30 ---",
    "E4 B375/1875 L: 1.6626",
    "E4 B750/1875 L: 1.3425",
    "E4 B1125/1875 L: 1.3656",
    "E4 B1500/1875 L: 0.6543",
    "E4 END - TrainL: 1.0224, ValAcc: 98.92%, ValL: 0.5486",
    "ZPE: [0.1999, 0.0721, 0.043, 0.0416, 0.0275, 0.2]",
    "--- Epoch 5/30 ---",
    "E5 B375/1875 L: 0.6532",
    "E5 B750/1875 L: 0.6974",
    "E5 B1125/1875 L: 1.3510",
    "E5 B1500/1875 L: 1.4109",
    "E5 END - TrainL: 1.0125, ValAcc: 99.21%, ValL: 0.5332",
    "ZPE: [0.1999, 0.0551, 0.0323, 0.0295, 0.029, 0.2]",
    "--- Epoch 6/30 ---",
    "E6 B375/1875 L: 1.3225",
    "E6 B750/1875 L: 1.0559",
    "E6 B1125/1875 L: 0.5690",
    "E6 B1500/1875 L: 0.5650",
    "E6 END - TrainL: 0.9849, ValAcc: 98.94%, ValL: 0.5467",
    "ZPE: [0.1999, 0.0471, 0.0246, 0.0356, 0.0272, 0.2]",
    "--- Epoch 7/30 ---",
    "E7 B375/1875 L: 0.5389",
    "E7 B750/1875 L: 0.6825",
    "E7 B1125/1875 L: 0.9169",
    "E7 B1500/1875 L: 1.3562",
    "E7 END - TrainL: 0.9800, ValAcc: 99.07%, ValL: 0.5401",
    "ZPE: [0.1999, 0.0379, 0.0212, 0.0217, 0.0232, 0.2]",
    "--- Epoch 8/30 ---",
    "E8 B375/1875 L: 1.3401",
    "E8 B750/1875 L: 0.8181",
    "E8 B1125/1875 L: 0.6354",
    "E8 B1500/1875 L: 0.7308",
    "E8 END - TrainL: 0.9583, ValAcc: 99.27%, ValL: 0.5379",
    "ZPE: [0.1999, 0.0318, 0.0182, 0.018, 0.0247, 0.2]",
    "--- Epoch 9/30 ---",
    "E9 B375/1875 L: 0.7466",
    "E9 B750/1875 L: 0.7458",
    "E9 B1125/1875 L: 0.9717",
    "E9 B1500/1875 L: 0.5463",
    "E9 END - TrainL: 0.9432, ValAcc: 99.07%, ValL: 0.5414",
    "ZPE: [0.1999, 0.0273, 0.0152, 0.0157, 0.0193, 0.2]",
    "--- Epoch 10/30 ---",
    "E10 B375/1875 L: 0.7228",
    "E10 B750/1875 L: 1.0808",
    "E10 B1125/1875 L: 0.8964",
    "E10 B1500/1875 L: 0.7242",
    "E10 END - TrainL: 0.9383, ValAcc: 99.21%, ValL: 0.5411",
    "ZPE: [0.1999, 0.0253, 0.0123, 0.0187, 0.0195, 0.2]",
    "--- Epoch 11/30 ---",
    "E11 B375/1875 L: 0.6497",
    "E11 B750/1875 L: 0.5951",
    "E11 B1125/1875 L: 0.7703",
    "E11 B1500/1875 L: 0.7275",
    "E11 END - TrainL: 0.9247, ValAcc: 99.35%, ValL: 0.5365",
    "ZPE: [0.1999, 0.0209, 0.0108, 0.0171, 0.0177, 0.2]",
    "--- Epoch 12/30 ---",
    "E12 B375/1875 L: 0.9751",
    "E12 B750/1875 L: 0.5976",
    "E12 B1125/1875 L: 1.1404",
    "E12 B1500/1875 L: 1.2236",
    "E12 END - TrainL: 0.9189, ValAcc: 99.26%, ValL: 0.5430",
    "ZPE: [0.1999, 0.019, 0.0107, 0.0151, 0.0149, 0.2]",
    "--- Epoch 13/30 ---",
    "E13 B375/1875 L: 0.7811",
    "E13 B750/1875 L: 0.6669",
    "E13 B1125/1875 L: 0.8434",
    "E13 B1500/1875 L: 0.9590",
    "E13 END - TrainL: 0.9157, ValAcc: 99.45%, ValL: 0.5290",
    "ZPE: [0.1999, 0.0174, 0.0088, 0.0159, 0.0155, 0.2]",
    "--- Epoch 14/30 ---",
    "E14 B375/1875 L: 0.5374",
    "E14 B750/1875 L: 0.5389",
    "E14 B1125/1875 L: 0.9932",
    "E14 B1500/1875 L: 1.2663",
    "E14 END - TrainL: 0.9053, ValAcc: 99.36%, ValL: 0.5238",
    "ZPE: [0.1999, 0.0156, 0.0091, 0.012, 0.0176, 0.2]",
    "--- Epoch 15/30 ---",
    "E15 B375/1875 L: 0.8997",
    "E15 B750/1875 L: 1.0496",
    "E15 B1125/1875 L: 0.8174",
    "E15 B1500/1875 L: 1.2734",
    "E15 END - TrainL: 0.9055, ValAcc: 99.38%, ValL: 0.5246",
    "ZPE: [0.1999, 0.0164, 0.0118, 0.0111, 0.0159, 0.2]",
    "--- Epoch 16/30 ---",
    "E16 B375/1875 L: 0.7624",
    "E16 B750/1875 L: 0.5683",
    "E16 B1125/1875 L: 0.5928",
    "E16 B1500/1875 L: 0.8721",
    "E16 END - TrainL: 0.8687, ValAcc: 99.44%, ValL: 0.5229",
    "ZPE: [0.1999, 0.0154, 0.0089, 0.0122, 0.0163, 0.2]",
    "--- Epoch 17/30 ---",
    "E17 B375/1875 L: 0.7663",
    "E17 B750/1875 L: 0.5298",
    "E17 B1125/1875 L: 0.5254",
    "E17 B1500/1875 L: 0.5534",
    "E17 END - TrainL: 0.8830, ValAcc: 99.40%, ValL: 0.5218",
    "ZPE: [0.1999, 0.0156, 0.0098, 0.0105, 0.0162, 0.2]",
    "--- Epoch 18/30 ---",
    "E18 B375/1875 L: 1.3899",
    "E18 B750/1875 L: 0.5142",
    "E18 B1125/1875 L: 0.5983",
    "E18 B1500/1875 L: 1.0424",
    "E18 END - TrainL: 0.8612, ValAcc: 99.42%, ValL: 0.5219",
    "ZPE: [0.1999, 0.0165, 0.0108, 0.0094, 0.013, 0.2]",
    "--- Epoch 19/30 ---",
    "E19 B375/1875 L: 0.6399",
    "E19 B750/1875 L: 0.7237",
    "E19 B1125/1875 L: 0.6100",
    "E19 B1500/1875 L: 1.0264",
    "E19 END - TrainL: 0.8760, ValAcc: 99.52%, ValL: 0.5216",
    "ZPE: [0.1999, 0.0165, 0.0105, 0.0128, 0.0156, 0.2]",
    "--- Epoch 20/30 ---",
    "E20 B375/1875 L: 0.5178",
    "E20 B750/1875 L: 0.5919",
    "E20 B1125/1875 L: 0.7513",
    "E20 B1500/1875 L: 0.9980",
    "E20 END - TrainL: 0.8557, ValAcc: 99.51%, ValL: 0.5231",
    "ZPE: [0.1999, 0.014, 0.0091, 0.0116, 0.0144, 0.2]",
    "--- Epoch 21/30 ---",
    "E21 B375/1875 L: 0.9331",
    "E21 B750/1875 L: 0.5393",
    "E21 B1125/1875 L: 1.0830",
    "E21 B1500/1875 L: 0.9112",
    "E21 END - TrainL: 0.8627, ValAcc: 99.58%, ValL: 0.5186",
    "ZPE: [0.1999, 0.0148, 0.0085, 0.0111, 0.0133, 0.2]",
    "--- Epoch 22/30 ---",
    "E22 B375/1875 L: 0.8423",
    "E22 B750/1875 L: 0.8257",
    "E22 B1125/1875 L: 0.6954",
    "E22 B1500/1875 L: 0.6843",
    "E22 END - TrainL: 0.8532, ValAcc: 99.50%, ValL: 0.5200",
    "ZPE: [0.1999, 0.0144, 0.0086, 0.0107, 0.0142, 0.2]",
    "--- Epoch 23/30 ---",
    "E23 B375/1875 L: 1.0638",
    "E23 B750/1875 L: 0.5297",
    "E23 B1125/1875 L: 1.3395",
    "E23 B1500/1875 L: 1.0756",
    "E23 END - TrainL: 0.8422, ValAcc: 99.56%, ValL: 0.5182",
    "ZPE: [0.1999, 0.0153, 0.0103, 0.0114, 0.0137, 0.2]",
    "--- Epoch 24/30 ---",
    "E24 B375/1875 L: 0.6390",
    "E24 B750/1875 L: 0.6191",
    "E24 B1125/1875 L: 0.6612",
    "E24 B1500/1875 L: 0.7806",
    "E24 END - TrainL: 0.8342, ValAcc: 99.57%, ValL: 0.5167",
    "ZPE: [0.1999, 0.017, 0.0103, 0.0109, 0.0143, 0.2]",
    "--- Epoch 25/30 ---",
    "E25 B375/1875 L: 0.6668",
    "E25 B750/1875 L: 0.5217",
    "E25 B1125/1875 L: 1.1592",
    "E25 B1500/1875 L: 0.9871",
    "E25 END - TrainL: 0.8389, ValAcc: 99.61%, ValL: 0.5138",
    "ZPE: [0.1999, 0.0133, 0.0089, 0.0102, 0.0143, 0.2]",
    "--- Epoch 26/30 ---",
    "E26 B375/1875 L: 0.6440",
    "E26 B750/1875 L: 1.1661",
    "E26 B1125/1875 L: 0.5221",
    "E26 B1500/1875 L: 0.5292",
    "E26 END - TrainL: 0.8369, ValAcc: 99.64%, ValL: 0.5142",
    "ZPE: [0.1999, 0.0145, 0.0092, 0.0097, 0.0132, 0.2]",
    "--- Epoch 27/30 ---",
    "E27 B375/1875 L: 0.6967",
    "E27 B750/1875 L: 1.0867",
    "E27 B1125/1875 L: 0.7354",
    "E27 B1500/1875 L: 0.9611",
    "E27 END - TrainL: 0.8444, ValAcc: 99.64%, ValL: 0.5150",
    "ZPE: [0.1999, 0.0139, 0.0087, 0.0086, 0.0124, 0.2]",
    "--- Epoch 28/30 ---",
    "E28 B375/1875 L: 0.6654",
    "E28 B750/1875 L: 1.0308",
