{
  "job_id": "zpe_job_fa8ac2e2",
  "status": "completed",
  "current_epoch": 30,
  "total_epochs": 30,
  "accuracy": 99.61,
  "loss": 0.5122209613800048,
  "zpe_effects": [
    0.1998872011899948,
    0.010558140464127064,
    0.012401580810546875,
    0.02644266001880169,
    0.016463935375213623,
    0.19999998807907104
  ],
  "log_messages": [
    "Init job: ZPE-Colab-Sim_hnn_step5",
    "Starting PyTorch training: ZPE-Colab-Sim_hnn_step5",
    "Device: cuda",
    "Setting up MNIST dataset...",
    "DataLoaders created. Train: 3750, Val: 625 batches.",
    "Model & Optimizer initialized.",
    "--- Epoch 1/30 ---",
    "E1 B750/3750 L: 1.7215",
    "E1 B1500/3750 L: 1.7167",
    "E1 B2250/3750 L: 1.2524",
    "E1 B3000/3750 L: 1.5209",
    "E1 END - TrainL: 1.2233, ValAcc: 98.54%, ValL: 0.5738",
    "ZPE: [0.1999, 0.1064, 0.0783, 0.1199, 0.0681, 0.2]",
    "--- Epoch 2/30 ---",
    "E2 B750/3750 L: 0.7531",
    "E2 B1500/3750 L: 0.9316",
    "E2 B2250/3750 L: 1.4910",
    "E2 B3000/3750 L: 0.5797",
    "E2 END - TrainL: 1.0937, ValAcc: 98.44%, ValL: 0.5969",
    "ZPE: [0.1999, 0.0717, 0.058, 0.0613, 0.0722, 0.2]",
    "--- Epoch 3/30 ---",
    "E3 B750/3750 L: 1.5865",
    "E3 B1500/3750 L: 1.4486",
    "E3 B2250/3750 L: 1.6350",
    "E3 B3000/3750 L: 1.6288",
    "E3 END - TrainL: 1.0729, ValAcc: 98.95%, ValL: 0.5986",
    "ZPE: [0.1999, 0.0441, 0.0336, 0.0641, 0.0345, 0.2]",
    "--- Epoch 4/30 ---",
    "E4 B750/3750 L: 1.5244",
    "E4 B1500/3750 L: 0.8102",
    "E4 B2250/3750 L: 1.3612",
    "E4 B3000/3750 L: 0.6203",
    "E4 END - TrainL: 1.0390, ValAcc: 99.04%, ValL: 0.5780",
    "ZPE: [0.1999, 0.0338, 0.0295, 0.0591, 0.0435, 0.2]",
    "--- Epoch 5/30 ---",
    "E5 B750/3750 L: 1.1996",
    "E5 B1500/3750 L: 1.7105",
    "E5 B2250/3750 L: 0.6964",
    "E5 B3000/3750 L: 1.4138",
    "E5 END - TrainL: 1.0207, ValAcc: 99.14%, ValL: 0.5559",
    "ZPE: [0.1999, 0.0249, 0.0246, 0.0412, 0.0239, 0.2]",
    "--- Epoch 6/30 ---",
    "E6 B750/3750 L: 0.6644",
    "E6 B1500/3750 L: 0.7035",
    "E6 B2250/3750 L: 1.4142",
    "E6 B3000/3750 L: 0.7583",
    "E6 END - TrainL: 1.0109, ValAcc: 99.20%, ValL: 0.5595",
    "ZPE: [0.1999, 0.0214, 0.0245, 0.0424, 0.038, 0.2]",
    "--- Epoch 7/30 ---",
    "E7 B750/3750 L: 0.7855",
    "E7 B1500/3750 L: 1.5504",
    "E7 B2250/3750 L: 0.5614",
    "E7 B3000/3750 L: 0.6492",
    "E7 END - TrainL: 0.9970, ValAcc: 99.43%, ValL: 0.5878",
    "ZPE: [0.1999, 0.0208, 0.0217, 0.0369, 0.0315, 0.2]",
    "--- Epoch 8/30 ---",
    "E8 B750/3750 L: 0.7488",
    "E8 B1500/3750 L: 1.1856",
    "E8 B2250/3750 L: 0.8598",
    "E8 B3000/3750 L: 1.3150",
    "E8 END - TrainL: 0.9858, ValAcc: 99.26%, ValL: 0.5799",
    "ZPE: [0.1999, 0.0191, 0.0172, 0.0355, 0.033, 0.2]",
    "--- Epoch 9/30 ---",
    "E9 B750/3750 L: 0.6149",
    "E9 B1500/3750 L: 1.2995",
    "E9 B2250/3750 L: 0.9131",
    "E9 B3000/3750 L: 1.3207",
    "E9 END - TrainL: 0.9741, ValAcc: 99.33%, ValL: 0.5680",
    "ZPE: [0.1999, 0.0168, 0.0225, 0.027, 0.0263, 0.2]",
    "--- Epoch 10/30 ---",
    "E10 B750/3750 L: 1.0011",
    "E10 B1500/3750 L: 1.5834",
    "E10 B2250/3750 L: 1.3615",
    "E10 B3000/3750 L: 1.1594",
    "E10 END - TrainL: 0.9601, ValAcc: 99.38%, ValL: 0.5724",
    "ZPE: [0.1999, 0.016, 0.0197, 0.0393, 0.0284, 0.2]",
    "--- Epoch 11/30 ---",
    "E11 B750/3750 L: 0.7090",
    "E11 B1500/3750 L: 0.9479",
    "E11 B2250/3750 L: 0.5970",
    "E11 B3000/3750 L: 0.6853",
    "E11 END - TrainL: 0.9577, ValAcc: 99.32%, ValL: 0.5689",
    "ZPE: [0.1999, 0.0135, 0.0165, 0.034, 0.0287, 0.2]",
    "--- Epoch 12/30 ---",
    "E12 B750/3750 L: 0.7507",
    "E12 B1500/3750 L: 1.1343",
    "E12 B2250/3750 L: 0.6731",
    "E12 B3000/3750 L: 0.9705",
    "E12 END - TrainL: 0.9448, ValAcc: 99.37%, ValL: 0.5588",
    "ZPE: [0.1999, 0.0121, 0.017, 0.0312, 0.0311, 0.2]",
    "--- Epoch 13/30 ---",
    "E13 B750/3750 L: 0.8920",
    "E13 B1500/3750 L: 0.8620",
    "E13 B2250/3750 L: 1.2068",
    "E13 B3000/3750 L: 1.3142",
    "E13 END - TrainL: 0.9332, ValAcc: 99.33%, ValL: 0.5650",
    "ZPE: [0.1999, 0.0117, 0.0146, 0.0295, 0.0253, 0.2]",
    "--- Epoch 14/30 ---",
    "E14 B750/3750 L: 0.8114",
    "E14 B1500/3750 L: 1.3930",
    "E14 B2250/3750 L: 0.5377",
    "E14 B3000/3750 L: 0.5480",
    "E14 END - TrainL: 0.9209, ValAcc: 99.45%, ValL: 0.5414",
    "ZPE: [0.1999, 0.0104, 0.0137, 0.0313, 0.0284, 0.2]",
    "--- Epoch 15/30 ---",
    "E15 B750/3750 L: 1.1772",
    "E15 B1500/3750 L: 0.5233",
    "E15 B2250/3750 L: 0.6448",
    "E15 B3000/3750 L: 1.3220",
    "E15 END - TrainL: 0.9197, ValAcc: 99.56%, ValL: 0.5324",
    "ZPE: [0.1999, 0.0121, 0.0136, 0.0297, 0.0243, 0.2]",
    "--- Epoch 16/30 ---",
    "E16 B750/3750 L: 0.6449",
    "E16 B1500/3750 L: 0.5432",
    "E16 B2250/3750 L: 0.5893",
    "E16 B3000/3750 L: 0.8033",
    "E16 END - TrainL: 0.9042, ValAcc: 99.38%, ValL: 0.5321",
    "ZPE: [0.1999, 0.0105, 0.0177, 0.0253, 0.0217, 0.2]",
    "--- Epoch 17/30 ---",
    "E17 B750/3750 L: 0.6823",
    "E17 B1500/3750 L: 0.7138",
    "E17 B2250/3750 L: 1.0373",
    "E17 B3000/3750 L: 1.1586",
    "E17 END - TrainL: 0.8944, ValAcc: 99.52%, ValL: 0.5215",
    "ZPE: [0.1999, 0.0089, 0.0116, 0.032, 0.0186, 0.2]",
    "--- Epoch 18/30 ---",
    "E18 B750/3750 L: 0.8118",
    "E18 B1500/3750 L: 0.6454",
    "E18 B2250/3750 L: 1.0738",
    "E18 B3000/3750 L: 0.8413",
    "E18 END - TrainL: 0.8964, ValAcc: 99.48%, ValL: 0.5258",
    "ZPE: [0.1999, 0.0091, 0.0138, 0.0311, 0.0198, 0.2]",
    "--- Epoch 19/30 ---",
    "E19 B750/3750 L: 0.9825",
    "E19 B1500/3750 L: 0.6043",
    "E19 B2250/3750 L: 0.9040",
    "E19 B3000/3750 L: 1.2067",
    "E19 END - TrainL: 0.8815, ValAcc: 99.54%, ValL: 0.5246",
    "ZPE: [0.1999, 0.011, 0.013, 0.028, 0.0207, 0.2]",
    "--- Epoch 20/30 ---",
    "E20 B750/3750 L: 1.1552",
    "E20 B1500/3750 L: 0.5802",
    "E20 B2250/3750 L: 1.2478",
    "E20 B3000/3750 L: 0.6058",
    "E20 END - TrainL: 0.8781, ValAcc: 99.58%, ValL: 0.5297",
    "ZPE: [0.1999, 0.0115, 0.013, 0.0252, 0.015, 0.2]",
    "--- Epoch 21/30 ---",
    "E21 B750/3750 L: 0.6489",
    "E21 B1500/3750 L: 0.6160",
    "E21 B2250/3750 L: 0.6953",
    "E21 B3000/3750 L: 1.1018",
    "E21 END - TrainL: 0.8680, ValAcc: 99.51%, ValL: 0.5201",
    "ZPE: [0.1999, 0.01, 0.0132, 0.0268, 0.017, 0.2]",
    "--- Epoch 22/30 ---",
    "E22 B750/3750 L: 0.7010",
    "E22 B1500/3750 L: 1.3186",
    "E22 B2250/3750 L: 0.7259",
    "E22 B3000/3750 L: 0.9068",
    "E22 END - TrainL: 0.8562, ValAcc: 99.60%, ValL: 0.5190",
    "ZPE: [0.1999, 0.0113, 0.0122, 0.0286, 0.0165, 0.2]",
    "--- Epoch 23/30 ---",
    "E23 B750/3750 L: 0.5605",
    "E23 B1500/3750 L: 0.8699",
    "E23 B2250/3750 L: 0.9699",
    "E23 B3000/3750 L: 1.0358",
    "E23 END - TrainL: 0.8557, ValAcc: 99.69%, ValL: 0.5145",
    "ZPE: [0.1999, 0.0093, 0.013, 0.0264, 0.0195, 0.2]",
    "--- Epoch 24/30 ---",
    "E24 B750/3750 L: 1.0161",
    "E24 B1500/3750 L: 0.7833",
    "E24 B2250/3750 L: 1.2405",
    "E24 B3000/3750 L: 0.9095",
    "E24 END - TrainL: 0.8443, ValAcc: 99.64%, ValL: 0.5127",
    "ZPE: [0.1999, 0.0086, 0.012, 0.0247, 0.0152, 0.2]",
    "--- Epoch 25/30 ---",
    "E25 B750/3750 L: 0.7906",
    "E25 B1500/3750 L: 0.8816",
    "E25 B2250/3750 L: 0.5262",
    "E25 B3000/3750 L: 0.5178",
    "E25 END - TrainL: 0.8382, ValAcc: 99.61%, ValL: 0.5148",
    "ZPE: [0.1999, 0.0104, 0.0136, 0.0274, 0.0151, 0.2]",
    "--- Epoch 26/30 ---",
    "E26 B750/3750 L: 1.1153",
    "E26 B1500/3750 L: 0.8128",
    "E26 B2250/3750 L: 1.3449",
    "E26 B3000/3750 L: 0.7754",
    "E26 END - TrainL: 0.8363, ValAcc: 99.64%, ValL: 0.5129",
    "ZPE: [0.1999, 0.0109, 0.0133, 0.0259, 0.0163, 0.2]",
    "--- Epoch 27/30 ---",
    "E27 B750/3750 L: 1.0280",
    "E27 B1500/3750 L: 0.8289",
    "E27 B2250/3750 L: 1.0184",
    "E27 B3000/3750 L: 0.7936",
    "E27 END - TrainL: 0.8335, ValAcc: 99.62%, ValL: 0.5117",
    "ZPE: [0.1999, 0.0094, 0.0126, 0.0257, 0.018, 0.2]",
    "--- Epoch 28/30 ---",
    "E28 B750/3750 L: 0.9470",
