{
  "job_id": "zpe_job_d98b0e11",
  "status": "stopped",
  "current_epoch": 1,
  "total_epochs": 30,
  "accuracy": 0.0,
  "loss": 1.7196297645568848,
  "zpe_effects": [
    0.19999998807907104,
    0.19672241806983948,
    0.10394233465194702,
    0.13405321538448334,
    0.016336917877197266,
    0.1916971653699875
  ],
  "log_messages": [
    "Init job: ZPE-Colab-Sim_hnn_step2",
    "Starting PyTorch training: ZPE-Colab-Sim_hnn_step2",
    "Device: cuda",
    "Setting up MNIST dataset...",
    "DataLoaders created. Train: 1875, Val: 313 batches.",
    "Model & Optimizer initialized.",
    "--- Epoch 1/30 ---",
    "E1 B375/1875 L: 0.9143",
    "E1 B750/1875 L: 0.8138",
    "E1 B1125/1875 L: 1.7196",
    "Stop request received."
  ],
  "parameters": {
    "totalEpochs": 30,
    "batchSize": 32,
    "learningRate": 0.001,
    "weightDecay": 0.0001,
    "momentumParams": [
      0.9,
      0.85,
      0.8,
      0.74,
      0.43,
      0.65
    ],
    "strengthParams": [
      0.25,
      0.55,
      0.41,
      0.8,
      0.37,
      0.5
    ],
    "noiseParams": [
      0.18,
      0.28,
      0.26,
      0.45,
      0.3,
      0.25
    ],
    "quantumCircuitSize": 32,
    "labelSmoothing": 0.1,
    "quantumMode": true,
    "modelName": "ZPE-Colab-Sim_hnn_step2",
    "baseConfigId": "zpe_job_f43caf44"
  },
  "start_time": "2025-06-01T14:27:59.329088",
  "end_time": null,
  "gpu_info": {
    "id": "0",
    "name": "NVIDIA GeForce RTX 3050 6GB Laptop GPU",
    "utilization_gpu_percent": 99.0,
    "utilization_memory_io_percent": 95.0,
    "memory_total_mb": 6144.0,
    "memory_used_mb": 756.875,
    "memory_free_mb": 5387.125,
    "memory_used_percent": 12.318929036458334,
    "temperature_c": 60.0,
    "power_draw_w": 19.922
  }
}